name|gubun|price|score|count|menu1|menu2|menu3|menu4|address|phone|openingHour|detailInfo
79파운야드 도산공원점|베이커리|5600.0|2.9|154|스크류 탱탱볼|캔디 탱탱볼|쌍쌍 탱탱볼|스크류탱탱 크로볼| 서울 강남구 선릉로153길 32 1층 (지번) 신사동 647-24 |02-544-5332|11:00 - 22:00|단체석, 주차, 발렛파킹, 포장, 배달, 무선 인터넷
C27 가로수길점|카페|7150.0|3.3|286|치즈케이크|C27 coffee|치즈라떼|치즈프라페|서울 강남구 도산대로15길 39|02-544-1527|10:00 - 23:00|단체석, 발렛파킹, 포장, 무선 인터넷, 남/녀 화장실 구분
e청우참치|생선회|20000.0|4.5|25|참치회 특 1인|공기초밥|소주|맥주| 서울 강남구 강남대로156길 18 1층 (지번) 신사동 511-6 |02-549-8356|16:00 - 22:00|단체석, 예약, 무선 인터넷, 국민지원금
ING|요리주점|18250.0|3.3|32|수제&수입 생맥주14종|복음&신선메뉴|수입병맥주20종|치킨&튀김|서울 강남구 언주로170길 34|02-545-3866|17:00 - 새벽 04:30|단체석, 주차, 발렛파킹, 포장, 예약, 무선 인터넷, 남/녀 화장실 구분
JS가든 압구정점|중식당|72250.0|4.0|52|북경오리|목화솜탕수육 (S)|사천식닭날개 (S)|금사오룡 (S)| 서울 강남구 언주로174길 13 미소빌딩 2층 (지번) 신사동 638-9 |0504-1400-4677|11:30 - 22:00|단체석, 주차, 포장, 배달, 예약, 무선 인터넷, 남/녀 화장실 구분, 국민지원금
OMG 게판5분전|요리주점|16000.0|1.9|4|크리스피수육|흑돼지 볶음|차돌 고추장찌개|차돌 수제비| 서울 강남구 도산대로51길 39 1층 (지번) 신사동 657-23 |none|19:00 - 06:00|단체석, 발렛파킹, 반려동물 동반, 남/녀 화장실 구분
RPM|카페,디저트|5000.0|3.1|61|에스프레소|아메리카노|라떼|플랫화이트| 서울 강남구 언주로172길 64 1층 (지번) 신사동 663-20 |02-544-5240|11:00 - 02:00|단체석, 주차, 예약, 무선 인터넷, 남/녀 화장실 구분
R카페|카페,디저트|12750.0|3.3|58|meal|단호박스프|옥수수스프|시저샐러드| 서울 강남구 압구정로56길 26 (지번) 신사동 664-17 |02-511-6612|11:30 - 22:00|단체석, 주차, 발렛파킹, 포장, 예약, 무선 인터넷, 남/녀 화장실 구분
W가나|육류,고기요리|250000.0|3.7|39|W가나 오마카세|none|none|none| 서울 강남구 도산대로49길 20 2층 (지번) 신사동 653-19 |070-8848-4341|17:00 - 22:00|단체석, 주차, 발렛파킹, 남/녀 화장실 구분
가담|중식당|41500.0|3.8|91|게살해물요리|고추탕수육|난자완스|가담정식 1인분| 서울 강남구 언주로167길 35 (지번) 신사동 608-8 |02-545-5163|11:20 - 21:30|매장 내 식사
가드너아드리아|이탈리아음식|24250.0|3.4|60|성게알파스타|베라크루즈|돼지등심스테이크|리코타치즈 바닐라아이스크림| 서울 강남구 압구정로46길 73 1층 (지번) 신사동 648-20 |02-549-4698|11:30 - 23:00|단체석, 주차, 발렛파킹, 예약, 남/녀 화장실 구분, 국민지원금
가디록|이탈리아음식|69250.0|3.7|53|Lunch Course|Dinner Course|none|none|서울 강남구 도산대로45길 18-4 2층|0507-1404-6815|12:00 - 22:00|단체석, 주차, 발렛파킹, 예약, 무선 인터넷, 남/녀 화장실 구분
가로수길공감|이자카야|32250.0|3.4|63|공감 모듬 사시미|광어 연어 사시미|김치가츠나베|얼큰 차돌나베| 서울 강남구 강남대로154길 41 1, 2층 (지번) 신사동 516-12 |02-518-9799|16:00 - 02:00|단체석, 주차, 발렛파킹, 포장, 예약, 무선 인터넷, 남/녀 화장실 구분
가로수길생칼국수 신사점|칼국수,만두|8000.0|4.1|31|바지락칼국수|들깨수제비|새싹열무비빔밥|감자옹심이| 서울 강남구 압구정로2길 46 강남상가 1층 19호 (지번) 신사동 510-11 |02-512-6474|10:00 - 22:00|단체석, 포장, 예약, 무선 인터넷, 남/녀 화장실 구분, 국민지원금
가로수브루잉컴퍼니|맥주,호프|11500.0|3.3|28|필스너,신사라거,신사에일 500CC|치즈피자|페퍼로니 피자|감바스 알 아히요| 서울 강남구 도산대로11길 31-4 (지번) 신사동 518-12 |02-515-8962|16:00 - 24:00|주차, 포장, 무선 인터넷, 남/녀 화장실 구분
가온|한식|172333.0|1.8|37|온날 코스(점심)|온날 코스(저녁)|와인|화요| 서울 강남구 도산대로 317 호림아트센터 M층 (지번) 신사동 651-27 |02-545-9845|17:00 - 22:00|주차, 발렛파킹, 예약, 무선 인터넷, 남/녀 화장실 구분, 미쉐린 가이드 서울 2022
감성타코 가로수길점|멕시코,남미음식|16950.0|2.8|139|감성 그릴드 파히타|까르니따스 치즈 타코|파인애플 살사 베르데 타코|숏립 타코|서울 강남구 가로수길 26 3층|02-516-8884|12:00 - 22:00|포장, 예약, 무선 인터넷, 남/녀 화장실 구분, 국민지원금
감성타코 신사점|멕시코,남미음식|16950.0|3.5|13|까르니따스 치즈 타코|감성 그릴드 파히타|파인애플 베르데 살사 타코|숏립 타코|서울 강남구 강남대로162길 31|02-547-3366|11:30 - 22:00|단체석, 발렛파킹, 포장, 예약, 무선 인터넷, 남/녀 화장실 구분, 국민지원금
갓덴스시 신사점|초밥,롤|2850.0|2.8|43|녹색접시|빨강접시|보라접시|곤색접시| 서울 강남구 강남대로152길 40 (지번) 신사동 537 |0507-1421-1477|11:00 - 21:30|발렛파킹, 포장, 배달, 남/녀 화장실 구분
갓잇 도산공원점|멕시코,남미음식|46750.0|3.8|173|Bset(2인)|Family set(4인)|Aset(2인)|Cset (2인)|서울 강남구 언주로164길 24 아크로스빌딩 지상1층 GODEAT|0507-1339-9451|11:00 - 22:00|단체석, 주차, 발렛파킹, 포장, 배달, 예약, 무선 인터넷, 남/녀 화장실 구분, 제로페이, 국민지원금
갓포마코토|일식당|49250.0|3.8|74|계절 모둠사시미|한우 스키야끼|한우 우니말이|우니비스크소스파스타| 서울 강남구 언주로168길 5 지미안빌딩 2층 (지번) 신사동 635-4 |0507-1319-9588|18:00 - 01:00|단체석, 주차, 발렛파킹, 예약, 남/녀 화장실 구분
갓포아키 도산공원점|일식당|32000.0|4.2|57|모둠사시미 1인|none|none|none|서울 강남구 도산대로45길 8-3 쿠키빌딩|02-540-8669|17:30 - 새벽 00:30|발렛파킹, 포장, 예약, 남/녀 화장실 구분
강남돌곱창|곱창,막창,양|23750.0|4.5|15|곱창|대창|양|양밥| 서울 강남구 압구정로18길 17 (지번) 신사동 568-4 |02-548-7225|14:00 - 24:00|단체석, 발렛파킹, 포장, 예약
강남면옥 본점|냉면|50750.0|3.3|79|갈비찜(小)|회냉면|갈비찜(大)|갈비찜(中)|서울 강남구 논현로152길 34|02-3446-5539|10:30 - 22:00|단체석, 주차, 발렛파킹, 포장, 무선 인터넷, 남/녀 화장실 구분, 제로페이, 국민지원금
강서면옥 압구정점|냉면|37000.0|3.6|74|편육|녹두전|한우평양냉면|갈비찜 대|서울 강남구 언주로164길 19 강서면옥|02-3445-0092|11:00 - 21:30|매장식사가능
개미집|요리주점|41000.0|3.6|22|매운갈낙찜|모짜렐라김치전|홍어삼합|제철 사시미| 서울 강남구 압구정로 110 화인빌딩 1층 (지번) 신사동 528-4 |02-541-5955|16:00 - 24:00|단체석, 주차, 발렛파킹, 포장, 예약, 무선 인터넷, 남/녀 화장실 구분
겟썸커피 신사점|카페,디저트|4700.0|3.7|41|더티카푸치노|애플크럼블아포가토|딸기스콘|애플시나몬스콘| 서울 강남구 논현로159길 46-6 지하1층 (지번) 신사동 551-32 |0507-1316-3619|10:00 - 21:00|포장, 반려동물 동반
경복궁불고기 압구정점|육류,고기요리|65000.0|3.7|17|양념갈비 세트|한우 꽃등심 코스|생갈비|생등심 세트| 서울 강남구 압구정로30길 51 I.S.A빌딩 지하1층 (지번) 신사동 600 |02-518-7727|11:30 - 22:00|단체석, 주차, 발렛파킹, 포장, 예약, 무선 인터넷, 남/녀 화장실 구분
경성팔일삼 본점|한식|13000.0|4.5|56|생돼지 김치 두루치기 2인 정식(2인분)|생돼지 김치찌개 1인정식|찐찐 차돌 된장찌개 1인정식|차돌치즈 볶음밥+묵사발+김셋트 1인정식| 서울 강남구 도산대로11길 5 1층 (지번) 신사동 514-9 |0507-1371-0813|11:00 - 24:00|단체석, 배달, 예약, 무선 인터넷, 남/녀 화장실 구분
계식당|닭요리|13500.0|2.3|35|숯불 닭 목살|마약치즈 퐁듀|숯불 닭 구이(허벅지살)|숯불 닭 안창살(토리하라미)| 서울 강남구 언주로170길 37 (지번) 신사동 642-8 |0507-1407-3734|15:00 - 24:00|단체석, 주차, 발렛파킹, 예약, 무선 인터넷, 국민지원금
고급오복수산|일식당|48500.0|4.4|222|모듬 사시미 中|우니 도로 이쿠라 관자 에비|카이센동|우니 이쿠라 카니 카이센동|서울 강남구 논현로 854 안다즈호텔 지하1층|0507-1399-9955|11:30 - 21:30|주차, 포장, 예약, 무선 인터넷, 제로페이, 국민지원금
고디바 가로수길플래그쉽|초콜릿전문점|15525.0|3.8|55|고디바 더블 초콜릿 아이스크림|고디바 초콜릿 레이어 케이크|고디바 아이스 초콜릿|고디바 소프트 아이스 초콜릿| 서울 강남구 가로수길 46 1,2층 (지번) 신사동 545-6 |02-517-3979|11:00 - 22:00|단체석, 포장, 배달, 무선 인터넷, 남/녀 화장실 구분
고반식당 가로수길점|돼지고기구이|27750.0|3.7|160|숙성 생삼겹살 160g|돈치맛살 130g|고반 한마리세트 670g|숙성 생목살 160g|서울 강남구 강남대로156길 34|0507-1405-5888|14:00 - 23:00|단체석, 발렛파킹, 예약, 무선 인터넷, 국민지원금
고트델리 압구정|샌드위치|10750.0|4.1|148|잠봉뵈르|올드스쿨파스트라미|루벤|고트피자|서울 강남구 선릉로161길 17|0507-1398-0816|11:30 - 21:00|발렛파킹, 포장, 국민지원금
고향역|포장마차|20250.0|4.0|41|오돌뼈주먹밥|닭똥집|돼지껍데기|해물파전| 서울 강남구 강남대로152길 34 (지번) 신사동 514-8 |02-543-4692|17:00 - 07:00|무선 인터넷, 남/녀 화장실 구분
골드피쉬 딤섬퀴진|중식당|14000.0|3.8|129|가지볶음|무떡볶음|멘보샤|다루면|서울 강남구 압구정로48길 35 투구빌딩 2층|0507-1345-5266|11:30 - 21:30|발렛파킹, 포장, 예약, 무선 인터넷, 남/녀 화장실 구분
골뱅이신사|해물,생선요리|46500.0|2.9|166|생골뱅이탕|피문어통숙회(大)|꼬막한판|골뱅이한판|서울 강남구 강남대로156길 32|02-549-5677|16:30 - 새벽 04:30|단체석, 주차, 발렛파킹, 포장, 배달, 예약, 무선 인터넷
교대이층집 신사점|육류,고기요리|14500.0|3.6|69|통삼겹(국내산, 160g)|꽃삼겹(국내산, 150g)|통목살(국내산, 160g)|항정살(국내산, 150g)| 서울 강남구 강남대로152길 17 1, 2층 (지번) 신사동 512-16 |02-512-4201|11:30 - 24:00|단체석, 주차, 발렛파킹, 예약, 남/녀 화장실 구분, 지역화폐(카드형), 제로페이, 국민지원금
교텐|일식당|16500.0|4.4|28|우니(성게알)|멘치가츠|사시미|튀김| 서울 강남구 강남대로160길 23 1층 (지번) 신사동 521-3 |02-511-5232|17:00 - 24:00|무선 인터넷
구스테이크528|스테이크,립|44000.0|4.5|7|포터하우스 /100g당|티본 /100g당|본인립아이 / 100g당|본인스트립/ 100g당| 서울 강남구 압구정로 108 (지번) 신사동 528-3 |02-511-0917|12:00 - 22:00|발렛파킹, 포장, 예약, 무선 인터넷
구전동화|육류,고기요리|115000.0|3.1|72|한우오마카세 (디너)|한우오마카세 (런치)|none|none| 서울 강남구 압구정로46길 26 2층 (지번) 신사동 643-26 |02-512-0991|12:00 - 21:00|단체석, 주차, 예약, 무선 인터넷, 남/녀 화장실 구분
군자대한곱창 신사점|곱창,막창,양|40075.0|2.3|64|싱글 SET(모둠구이(1인)+깍두기볶음밥)|커플 SET(곱창+염통+뚝배기전골+깍두기볶음밥)|모둠곱창(중(中))|모둠곱창(대(大))| 서울 강남구 강남대로152길 33 (지번) 신사동 515-10 |02-545-7626|12:00 - 02:00|국민지원금
그랑씨엘|이탈리아음식|33250.0|3.4|64|앤쵸비 오일 파스타|한우 채끝등심 스테이크|이탈리안 전통 토마토 스프|까르보나라|서울 강남구 도산대로45길 16-6 1층|02-548-0283|11:00 - 22:00|단체석
그레이그리스트밀|카페|5000.0|3.9|93|에티오피아|웨이크업|피자두워터|브루잉넛라떼| 서울 강남구 압구정로2길 15 신사아이빌 지하1층 103호 (지번) 신사동 522 |02-546-8902|11:00 - 21:00|무선 인터넷, 남/녀 화장실 구분
근식당|돼지고기구이|26750.0|3.5|27|무항생제 삼겹살(150g)|한우1++채끝등심(150g)|한우숙성차돌박이(150g)|통목살(200g)| 서울 강남구 압구정로28길 22-6 1층 (지번) 신사동 577-8 |02-546-7992|17:00 - 22:00|단체석, 주차, 발렛파킹, 배달, 예약, 무선 인터넷, 남/녀 화장실 구분, 제로페이, 국민지원금
금별맥주 강남신사점|맥주,호프|13900.0|4.4|8|사모님!감바스 (feat.명란파스타면)|새콤달콤 사과골뱅이(feat.쇼좌빙)|칼칼 스키야키 나베|치즈 듬뿍 멘보샤|서울 강남구 압구정로2길 49 1층|02-512-8988|11:00 - 새벽 02:00|단체석, 포장, 무선 인터넷, 남/녀 화장실 구분, 제로페이, 국민지원금
금산제면소 압구정점|국수|12000.0|1.6|51|탄탄면|none|none|none| 서울 강남구 압구정로46길 5-6 101호 (지번) 신사동 660-17 |02-518-5257|11:00 - 20:00|매장 내 식사
금성스테이크부대찌개|스테이크,립|17000.0|3.2|40|쏘세지전골(부대찌개)|반 모듬구이|베이컨구이|쏘세지구이| 서울 강남구 언주로174길 26 1층 2호 (지번) 신사동 640-1 |02-547-4872|11:30 - 22:00|단체석, 주차, 발렛파킹, 포장, 예약, 무선 인터넷, 제로페이, 국민지원금
금수복국 압구정점|복어요리|50375.0|3.5|44|3층 코스요리|복국|복까스|복물회| 서울 강남구 언주로 821 금수빌딩 2,3층 (지번) 신사동 627-13 |02-542-5482|00:00 - 24:00|단체석, 주차, 발렛파킹, 포장, 배달, 무선 인터넷, 남/녀 화장실 구분
기세끼 신사점|이자카야|44000.0|3.9|56|사시미 모리아와세 대|매콤소스도미아게|규카츠 블랙|모찌리도후| 서울 강남구 강남대로152길 42 홍인빌딩 지하 1층 (지번) 신사동 537-2 |0507-1405-4577|17:00 - 05:00|단체석, 주차, 예약, 무선 인터넷, 남/녀 화장실 구분, 국민지원금
길버트버거앤프라이즈|햄버거|10625.0|4.3|98|길버트|MR.프레지던트|더 클래식|로켓|서울 강남구 도산대로15길 47|0507-1427-5453|11:30 - 21:00|단체석, 발렛파킹, 포장, 무선 인터넷, 국민지원금
길손|일식튀김,꼬치|28000.0|4.0|20|주먹밥|닭날개꼬치|모둠꼬치 소|대| 서울 강남구 논현로175길 40 (지번) 신사동 574-8 |02-546-1247|18:00 - 01:00|단체석, 국민지원금
김북순큰남비집 신사본점|한식|11250.0|3.7|77|목살김치찌개|초란뚝배기탕|목살듬뿍김치찌개|해물 순두부찌개|서울 강남구 압구정로2길 15 신사아이빌|02-543-9024|10:20 - 22:00|포장, 남/녀 화장실 구분, 지역화폐(지류형), 지역화폐(카드형), 지역화폐(모바일형), 제로페이, 국민지원금
김이순장춘|국밥|11250.0|4.9|7|제주별미몸국|성게국|보말국|고등어구이| 서울 강남구 압구정로2길 53 2층 (지번) 신사동 516 |02-3442-0022|10:00 - 22:00|국민지원금
김작가의이중생활 신사가로수길점|요리주점|18650.0|2.3|21|((매출1위)) 낙곱새(2~3인 이상)|로제파스타닭갈비(가격인하행사)|((매출1~3위))닭볶이(가격인하행사)(2~3인)|쫀득탱글 스지탕(한우)(신메뉴)| 서울 강남구 강남대로152길 21 (지번) 신사동 512-12 |02-512-1230|17:00 - 05:00|단체석, 예약, 남/녀 화장실 구분
까사밀 레스토랑|이탈리아음식|22500.0|4.0|18|새우 루꼴라 샐러드|로메인 아시아 비프 피자|오리엔탈 토마토 스튜|쉬림프 로제 파스타| 서울 강남구 도산대로1길 83 1층 까사밀레스토랑 (지번) 신사동 527-2 |0507-1435-0146|11:30 - 22:00|단체석, 주차, 발렛파킹, 포장, 배달, 예약, 무선 인터넷, 반려동물 동반, 남/녀 화장실 구분, 장애인 편의시설
까폼|태국음식|14500.0|4.3|293|태국 소고기 쌀국수|카오카무|뿌님팟퐁커리|텃만꿍|서울 강남구 선릉로153길 18 지하1층|0507-1411-7318|11:30 - 22:00|발렛파킹, 포장, 배달, 방문접수/출장, 무선 인터넷, 반려동물 동반
꼬끄더그릴|닭요리|15000.0|4.3|57|닭목살|닭허벅지살|닭안창살|닭연골살 (가슴연골살+무릎연골살)| 서울 강남구 강남대로154길 10 금호빌딩 1층 (지번) 신사동 512 |0507-1324-3838|11:30 - 23:00|단체석, 주차, 발렛파킹, 포장, 배달, 예약, 무선 인터넷, 제로페이, 국민지원금
꼬륵 신사본점|도시락,컵밥|18750.0|4.0|60|프리미엄도시락|주문형(프리미엄)도시락3|오늘의 도시락|15,000 도시락| 서울 강남구 논현로151길 11 1층 (지번) 신사동 563-21 |0507-1423-8024|12:00 - 19:00|포장, 배달, 방문접수/출장, 예약, 무선 인터넷, 국민지원금
꽁티드툴레아|브런치|8500.0|3.2|841|커피|Latte|Affogato|아보카도토스트| 서울 강남구 도산대로49길 39 1층 (지번) 신사동 646-21 |0507-1325-8490|11:00 - 24:00|단체석, 발렛파킹, 포장, 배달, 예약, 무선 인터넷, 반려동물 동반
꿍탈레|태국음식|12000.0|3.7|59|똠양쌀국수|팟타이 |팟끄라파오무쌉|소고기쌀국수|서울 강남구 압구정로10길 14 2층|0507-1341-5358|11:30 - 21:30|단체석, 발렛파킹, 포장, 예약, 남/녀 화장실 구분
끌림이탈리아|이탈리아음식|12575.0|4.8|29|스피나치 크림 라비올리|트러플 버섯크림 빠빠르델레|리코타 그래놀라 샐러드|끌림 플레인 샐러드| 서울 강남구 논현로151길 17 건훈빌딩 1층 (지번) 신사동 563-18 |02-518-1915|12:00 - 22:00|예약, 무선 인터넷, 남/녀 화장실 구분
나따오비까 신사점|카페,디저트|2800.0|3.6|118|에그타르트 클래식|호두 타르트|크림치즈 타르트|카카오초코 타르트|서울 강남구 압구정로2길 37|0507-1400-8618|10:00 - 22:30|국민지원금
나미나미|이자카야|32500.0|3.7|18|소고기 등심 데판야끼|전복 버터야끼|랍스타버터야끼|히로시마 오꼬노미야끼| 서울 강남구 압구정로48길 38 1층 (지번) 신사동 642-28 |070-8955-4838|17:10 - 02:00|단체석, 발렛파킹, 예약, 국민지원금
네기다이닝라운지|일식당|40000.0|4.6|117|사시미 모리아와세(2인)|이베리코카타로스 베요타|토마토 스키야키 힌우차돌|마구로타르타르|서울 강남구 도산대로15길 18 4층 네기|02-548-0807|18:00 - 24:00|단체석, 발렛파킹, 포장, 예약, 무선 인터넷, 남/녀 화장실 구분, 국민지원금
네기스키야키|일식당|73500.0|4.0|100|점심 식사메뉴|점심,저녁 스키야키 단품|저녁 스키야키 코스|| 서울 강남구 논현로 854 지하 1층 B110, 111호 (지번) 신사동 603 |02-543-1060|11:30 - 22:00|단체석, 주차, 예약, 무선 인터넷, 남/녀 화장실 구분
노모어피자|양식|23750.0|3.9|528|half & half pizza + side menu + 탄산음료|chesse gopchang pizza|signature cheese pizza|super combination pizza|서울 강남구 언주로164길 34-2 1층|02-6080-3417|12:00 - 22:00|단체석, 포장, 배달, 예약, 무선 인터넷
노아베이커리 압구정본점|베이커리|39500.0|3.8|120|과일 생크림 2호|얼그레이 쉬폰케이크 1호|레인보우케이크|산딸기요거트쉬폰(1호)| 서울 강남구 압구정로30길 9 노아빌딩 4층 (지번) 신사동 612 |02-546-7588|08:00 - 21:00|주차, 포장, 예약, 무선 인터넷, 남/녀 화장실 구분
노이에아트멍|카페,디저트|8025.0|4.4|19|커피|카페 노아 아메리카노|그린스무디|베니스 샐러드| 서울 강남구 도산대로23길 19 (지번) 신사동 559-9 |070-8834-5444|10:30 - 22:00|국민지원금
논탄토|카페|5875.0|3.8|163|체즈베|골든 크림 라테|온두라스|이디오피아| 서울 강남구 도산대로17길 35 (지번) 신사동 544-23 |02-542-0206|11:00 - 22:00|단체석, 주차, 발렛파킹, 무선 인터넷, 국민지원금
누데이크 하우스 도산|카페,디저트|34750.0|3.4|374|PICNIC 피크닉|PEAK 피크|PEAK SMALL 피크 스몰|COLOSSEO 콜로세오|서울 강남구 압구정로46길 50 하우스 도산 B1|070-4128-2125|11:00 - 21:00|주차, 발렛파킹, 포장, 남/녀 화장실 구분
뉴만두집|만두|28000.0|3.7|170|만두전골|만두국|콩비지|빈대떡|서울 강남구 압구정로 338|02-544-3710|12:00 - 21:30|"밥블레스유 26회, 19.01.03.
2019년 1월 3일
 만둣국
펼쳐보기"
다운타우너 청담|햄버거|8050.0|4.2|575|AVOCADO(아보카도 버거)|BACON CHEESE(베이컨치즈 버거)|CHEESE(치즈버거)|GARLIC BUTTER FRIES(갈릭버터 프라이즈)|서울 강남구 도산대로53길 14 1층|0507-1422-9399|11:30 - 21:30|발렛파킹, 포장, 배달, 무선 인터넷, 반려동물 동반, 국민지원금
다이닝마|중식당|370000.0|2.0|6|샥스핀탕 M|불도장|옌바오츠코스|국내산 통해삼 요리| 서울 강남구 언주로152길 8 유일빌딩 2층 (지번) 신사동 630-12 |02-518-7400|11:30 - 21:30|단체석, 주차, 발렛파킹, 포장, 배달, 예약, 무선 인터넷, 남/녀 화장실 구분, 국민지원금
다이칸야마키친|덮밥|13000.0|2.8|175|연어초밥 10pcs|연어대뱃살초밥10pcs|초밥특선런치|새우초밥스페셜|서울 강남구 압구정로10길 30-3 1층|0507-1403-9776|11:30 - 21:30|남/녀 화장실 구분
달래해장|한식|16250.0|2.2|58|(특)해장국|탕국|낙지볶음|달래불고기|서울 강남구 압구정로2길 46 강남시장 1층 달래해장|0507-1480-5969|00:00 -24:00|단체석, 발렛파킹, 포장, 무선 인터넷
달마시안|양식|16000.0|2.9|240|컬리플라워 포테이토 스프|달마시안 수제 그래놀라 요거트볼|비프 스테이크 토스트|아보카도 치킨 콥 샐러드|서울 강남구 압구정로42길 42|0507-1491-0926|09:00 - 23:00|단체석, 발렛파킹, 무선 인터넷, 반려동물 동반, 남/녀 화장실 구분
닭으로가 압구정본점|닭갈비|15750.0|3.3|126|닭갈비|고추장닭갈비|불고기양념닭갈비|쟁반막국수|서울 강남구 언주로172길 55|050-4458-4404|11:30 - 22:30|단체석, 포장
담미온 압구정점|국밥|10000.0|3.3|25|수육국밥(보통)|수육국밥(특)|순대국밥(보통)|순대국밥(특)| 서울 강남구 압구정로28길 42 1층 (지번) 신사동 569-30 |02-548-9288|00:00 - 24:00|단체석, 주차, 포장, 무선 인터넷, 남/녀 화장실 구분, 국민지원금
당옥|카페,디저트|13000.0|3.5|92|밤 몽실타래|말차딸기 몽실타래|와케이크 모음4구(예약)|카츠샌드 (예약권장)|서울 강남구 강남대로162길 22 1층|0507-1379-1276|11:30 - 21:00|포장, 국민지원금
대가방 압구정점|중식당|20875.0|4.0|27|탕수육|라조기|게살볶음밥|유니짜장면| 서울 강남구 논현로175길 64 (지번) 신사동 549-8 |02-546-6331|11:30 - 21:30|매장 내 식사
대막|일식당|18000.0|3.7|552|바질소바|후토마키 SET|아부라소바|후토마키 (5pcs)|서울 강남구 압구정로46길 75 , 1층|02-516-5056|12:00 - 21:00|발렛파킹, 무선 인터넷
대봉집 신사본점|육류,고기요리|13500.0|4.3|91|삼겹살|수제 껍데기|대봉불고기|돼지매운탕 소|서울 강남구 압구정로2길 57 1층 대봉집|0507-1310-0155|16:00 - 24:00|단체석, 예약, 무선 인터넷, 남/녀 화장실 구분, 제로페이, 국민지원금
더앨리 가로수길점|카페|4750.0|3.3|65|브라운슈가 크로플(1개)|브라운슈가 디어리오카 시리즈 (ICE)|NO.9 밀크티(Ice)|티라미수(ICE)| 서울 강남구 가로수길 75 1,2층 (지번) 신사동 532-10 |0507-1323-3399|11:00 - 22:00|단체석, 포장, 무선 인터넷, 남/녀 화장실 구분
더팔당 본점|한식|24250.0|2.6|35|[ 주문1등 ] 오징어 볶음 1인 세트(1인분)|[ 인기 ] 김치찜 1인 세트(1인분)|[ 강추 ] 오징어 삼겹 볶음 1인 세트(1인분)|[[ 강추 ]] 오징어 볶음 + 김치찜 세트(2인(오징어볶음1인+김치찜1인))| 서울 강남구 선릉로157길 33 (지번) 신사동 657 |02-542-1515|00:00 - 24:00|단체석, 포장, 배달, 예약, 무선 인터넷, 반려동물 동반, 남/녀 화장실 구분, 제로페이, 국민지원금
더페이머스버거 신사점|햄버거|9833.0|3.7|253|페이머스버거-싱글|페이머스버거-더블|로얄그린버거|none|서울 강남구 도산대로 113 1층|02-6012-0811|11:30 - 21:30|포장, 배달
더페이머스버거 압구정점|햄버거|9575.0|4.2|66|램버거|페이머스버거-싱글|페이머스버거-더블|오리지널치즈버거-싱글|서울 강남구 압구정로48길 35|070-7705-9200|11:30 - 21:00|포장, 배달, 남/녀 화장실 구분, 제로페이
도레도레 신사점|케이크전문|40625.0|2.8|184|아메리카노|소중해케이크(홀)|진득해케이크(홀)|콩고물고물해(조각)|서울 강남구 도산대로15길 40|02-540-4553|11:00 - 23:00|발렛파킹, 포장, 무선 인터넷, 남/녀 화장실 구분, 국민지원금
도마야끼덕아웃|퓨전음식|34333.0|3.3|16|문어숙회삼합|덕아웃보쌈|쭈꾸미볶음|송이 해산물 볶음| 서울 강남구 도산대로51길 34 (지번) 신사동 655-1 |02-511-9883|18:00 - 04:00|국민지원금
도산분식 도산공원점|종합분식|8400.0|3.0|327|돈까스샌드|어묵튀김도산떡볶이|육회김밥|김치볶음밥|서울 강남구 도산대로49길 10-6 젤로빌딩|02-514-5060|11:30 - 20:30|발렛파킹, 포장, 배달, 무선 인터넷
도산사카바카와세미|이자카야|39250.0|3.5|45|사시미2인|사시미3인|연어 사시미|고등어 사시미| 서울 강남구 도산대로45길 10-8 1층 (지번) 신사동 651-8 |02-546-0887|17:00 - 24:00|단체석, 주차, 발렛파킹, 예약, 무선 인터넷
도수향|떡,한과|38125.0|3.2|102|이북인절미 소(16개)|이북인절미 중(32개)|이북인절미 대(50개)|단체 (10개) (30상자이상)| 서울 강남구 선릉로161길 21-4 1층 (지번) 신사동 662-7 |02-540-2939|08:30 - 18:00|매장 내 식사
도슬박|한식|25000.0|4.0|79|바다 담다|장어와 계란|항정 강정|두부떡갈비|서울 강남구 압구정로42길 25-3 1층|0507-1498-1171|11:30 - 22:00|포장, 남/녀 화장실 구분
도어401|카페,디저트|6500.0|3.3|80|라떼|다쿠아즈샌드|라벤더케이크|바나나푸딩| 서울 강남구 선릉로161길 18 (지번) 신사동 661-13 |02-6104-4017|12:00 - 20:00|단체석, 주차, 발렛파킹, 포장, 무선 인터넷, 국민지원금
도쿄등심 압구정점|소고기구이|79000.0|3.6|406|런치 스페셜 A|런치 스페셜 B|런치 스페셜 C|디너 스페셜 A|서울 강남구 도산대로49길 9 스타크빌딩 3층|0507-1405-2262|11:00 - 22:00|단체석, 주차, 예약, 무선 인터넷, 남/녀 화장실 구분, 국민지원금
도쿄수플레 가로수길점|양식|15000.0|2.5|31|플레인 수플레팬케이크|솜사탕 수플레팬케이크|치즈 수플레팬케이크|초코 수플레팬케이크| 서울 강남구 압구정로10길 35 1층 (지번) 신사동 534-8 |0507-1338-7959|11:00 - 22:00|매장 내 식사
두레국수 본점|국수|12250.0|3.2|51|두레국수|비빔국수|비빔밥|곱창전골|서울 강남구 도산대로37길 28|02-3444-1421|10:30 - 21:00|주차
두부공작소 신사직영점|두부요리|12500.0|3.5|16|즉석두부 한접시|수제수육두부보쌈|순두부제육볶음정식|뜨거운 콩국수| 서울 강남구 강남대로160길 21 (지번) 신사동 521-2 |02-587-3646|10:00 - 24:00|단체석, 예약, 남/녀 화장실 구분
두사라|일식당|82250.0|4.4|4|우니카니|사시미(2인기준)|두사라 코스 (1인)|오마카세 코스(1인)| 서울 강남구 강남대로154길 13 1층 (지번) 신사동 511-17 |02-511-1007|15:00 - 23:00|국민지원금
듀자미|카페|25350.0|3.0|236|카라멜 소금케이크(조각)|카라멜 소금케이크(홀)|보드라운 딸기 생크림케이크(조각)|보드라운 딸기 생크림케이크(15cm 홀)|서울 강남구 도산대로11길 28|02-3443-0030|12:00 - 21:30|단체석, 주차, 포장, 예약, 무선 인터넷, 국민지원금
딩딤1968|딤섬,중식만두|7625.0|3.3|102|하가우|시우마이|초이가우|샤오롱바오|서울 강남구 강남대로160길 27|02-517-1968|11:00 - 22:00|포장, 무선 인터넷, 지역화폐(모바일형), 제로페이, 국민지원금
딸부자네불백 가로수길점|한식|10500.0|3.6|23|소불백정식|딸불백정식|낙지볶음정식|김치찌개| 서울 강남구 압구정로10길 37 (지번) 신사동 534-10 |02-3445-3295|09:00 - 24:00|국민지원금
딸부자네불백 신사본점|육류,고기요리|12250.0|3.6|46|딸불백정식|소불백정식|낙지볶음|김치찌개| 서울 강남구 강남대로158길 21 홍인빌딩 1층 (지번) 신사동 508-6 |02-3444-3295|00:00 - 24:00|국민지원금
라공방 가로수길본점|중식당|6867.0|2.5|218|마라탕 100g|마라샹궈 100g|꿔바로우|꼬치 (1개)| 서울 강남구 도산대로11길 29 SM빌딩 1층 (지번) 신사동 517-27 |02-516-0825|00:00 - 24:00|발렛파킹, 포장, 예약, 무선 인터넷, 남/녀 화장실 구분
라그릴리아 청담점|이탈리아음식|20900.0|3.1|37|새우 날치알 크림 스파게티|비프온더스톤 채끝등심|꽈뜨로 포르마지 피자|플레이 맥앤치즈| 서울 강남구 도산대로 327 SGF 청담타워 2층 (지번) 신사동 652-16 |02-542-9192|11:00 - 23:00|매장 내 식사, 테이크아웃
라무진 신사가로수점|양갈비|26250.0|4.6|46|징기스칸 프렌치랙|징기스칸 숄더랙|징기스칸 양고기|오뎅탕| 서울 강남구 논현로175길 59-4 1층 (지번) 신사동 550-12 |02-512-4890|17:00 - 23:00|국민지원금
랜디스도넛 가로수길점|도넛|2880.0|3.7|197|Classic|Deluxe|Fancy|Premium|서울 강남구 도산대로15길 16|0507-1410-3255|11:00 - 21:00|매장식사가능
램브라튼|육류,고기요리|26925.0|3.8|113|프렌치 랙|양고기 퀘사디아|양등심|양갈비| 서울 강남구 압구정로10길 30-10 1층 (지번) 신사동 524-28 |0507-1407-4191|17:30 - 22:30|단체석, 발렛파킹, 예약, 무선 인터넷, 지역화폐(모바일형), 제로페이
레더라 압구정점|초콜릿전문점|5625.0|4.0|24|스위스클래식|스위스클래식 아이스|아메리카노|아메리카노 아이스| 서울 강남구 논현로 865 1층 (지번) 신사동 581-3 |02-544-3245|10:00 - 22:00|매장 내 식사
레드클라우드|맥주,호프|8750.0|4.2|8|스텔라 아르투아 330cc|기네스 440cc|파울라너 300cc|후렌치후라이| 서울 강남구 압구정로10길 30-11 (지번) 신사동 524-25 |02-516-3385|16:00 - 02:00|단체석, 주차, 발렛파킹, 포장, 예약, 무선 인터넷, 남/녀 화장실 구분
레이브릭스|카페|6125.0|3.3|36|아메리카노|플랫화이트|크림 커피|말차라떼| 서울 강남구 논현로153길 46 1층 (지번) 신사동 555-13 |02-545-5513|11:00 - 23:00|국민지원금
로로|양식|25500.0|3.4|456|기버터 스테이크|유자 홀토마토 샐러드|오징어 먹물 크림 리조또|수제 라자냐|서울 강남구 언주로164길 35 로로|0507-1398-0022|11:30 - 23:00|발렛파킹, 배달, 무선 인터넷, 남/녀 화장실 구분
로바다야끼최군|이자카야|10000.0|1.6|37|로바다야끼|활가리비 구이|청어 소금구이|아보카도 치즈구이| 서울 강남구 선릉로155길 29 신우빌딩 1층 102호 (지번) 신사동 656 |02-542-0889|18:00 - 02:00|예약, 국민지원금
로바타탄요 압구정|일식당|18250.0|3.9|86|해산물|야채구이|닭구이|식사| 서울 강남구 압구정로28길 49 (지번) 신사동 584-1 |0507-1431-9667|17:00 - 24:00|주차, 발렛파킹, 예약, 무선 인터넷, 남/녀 화장실 구분, 제로페이, 국민지원금
로지|이자카야|35500.0|3.4|36|모둠사시미 (소)|핸뺀튀김|차돌 세이로무시|오므라이스| 서울 강남구 도산대로49길 10-3 1층 (지번) 신사동 653-12 |02-542-9936|17:30 - 04:00|주차, 예약, 국민지원금
로프트|와인|90125.0|3.4|161|와인 (Bottle)|Glass Wine|까르보나라|쉬림프 크림 파스타| 서울 강남구 강남대로152길 62 2층 (지번) 신사동 539-1 |0507-1401-6639|17:00 - 02:00|단체석, 주차, 발렛파킹, 예약, 무선 인터넷, 남/녀 화장실 구분, 국민지원금
롤링파스타 가로수길점|이탈리아음식|8100.0|4.1|98|매운 크림 파스타|트러플 크림 파스타|바질 페스토 크림 파스타|까르보나라| 서울 강남구 가로수길 16 2층 (지번) 신사동 541-9 |0507-1366-5688|11:30 - 21:00|포장, 무선 인터넷, 남/녀 화장실 구분, 제로페이, 국민지원금
롱타임노씨 신사점|맥주,호프|16500.0|4.0|124|롱타임노씨(토마토 시금치 피자)|당산에서 목동까지(콤비네이션 피자)|핫한 만남(핫치킨청양고추 피자)|너 마늘 사랑해(갈릭 시금치 피자)| 서울 강남구 강남대로152길 15 2층 (지번) 신사동 512-17 |0507-1329-6463|17:00 - 02:00|단체석, 발렛파킹, 포장, 배달, 예약, 무선 인터넷, 남/녀 화장실 구분
롸카두들 내쉬빌 핫치킨 압구정|햄버거|8700.0|4.5|237|클래식|none|none|none|서울 강남구 언주로164길 35-3 1층|02-3447-3456|11:30 - 21:00|포장, 배달, 무선 인터넷
갓포우오|이자카야|35000.0|4.0|176|제철 사시미 모리아와세|차돌박이 탄탄나베|쿠로고마 가라아게|모찌리도후| 서울 강남구 가로수길 55-4 지하1층 (지번) 신사동 533-14 |010-7927-1487|17:30 - 01:30|단체석, 주차, 발렛파킹, 예약, 남/녀 화장실 구분
루307|이자카야|24875.0|4.7|43|꼬치구이 7종|창코나베|바지락술찜|야끼소바| 서울 강남구 압구정로10길 30-7 1층 (지번) 신사동 524-21 |02-6205-3007|17:30 - 24:00|단체석, 포장, 배달, 예약, 무선 인터넷
루비떡볶이|떡볶이|5875.0|3.2|175|새우깡떡볶이|루비떡볶이|모듬튀김A|소세지김밥| 서울 강남구 선릉로153길 21 (지번) 신사동 653-2 |02-516-7147|11:40 - 21:30|주차, 포장, 배달, 제로페이, 국민지원금
루위|중식당|79500.0|3.3|248|북경오리|북경오리 코스|평일런치suggest|평일런치 Friendship| 서울 강남구 도산대로 211 (지번) 신사동 587-14 |0507-1436-0018|11:30 - 22:00|생방송투데이 2656회, 20.09.10.2020년 9월 10일 바게트멘보샤/철
룽청|중식당|42250.0|4.1|87|칠리새우(소)|어향동고(소)|전복냉채(중)|세가지냉채(소)| 서울 강남구 논현로152길 23 알파빌딩 1층 (지번) 신사동 589-9 |02-512-0332|11:00 - 21:30|단체석, 주차, 발렛파킹, 포장, 예약, 남/녀 화장실 구분, 국민지원금
르브런쉭 신사점|브런치|18900.0|3.6|41|에그 베네딕트|아보카도에그슬럿|프렌치 토스트|만조리가토니|서울 강남구 강남대로162길 41-22 오로라빌|0507-1399-1985|10:30 - 20:00|주차, 발렛파킹, 포장, 배달, 예약, 무선 인터넷, 제로페이, 국민지원금
르 사이트|카페|3750.0|3.5|66|아메리카노|카페라떼|바닐라 까눌레|버터리 레몬 마들렌|서울 강남구 도산대로11길 22|0507-1320-0343|09:30 - 22:00|단체석, 포장, 무선 인터넷, 남/녀 화장실 구분, 장애인 편의시설
르알래스카 가로수길 본점|베이커리|7000.0|3.8|100|알래스카 아이스 아메리카노|알래스카 자몽 주스|고메이 샌드위치|바게트|서울 강남구 압구정로14길 15|02-546-5872|09:00 - 21:30|단체석, 주차, 발렛파킹, 포장, 예약, 무선 인터넷, 제로페이
르포트13|양식|27750.0|3.5|82|프랑스식해물찜|버섯크림리조또|스파이시봉골레|빠에야| 서울 강남구 압구정로4길 13-13 1층 101,102호 (지번) 신사동 525-13 |0507-1376-1533|11:30 - 24:00|발렛파킹, 포장, 배달, 예약, 무선 인터넷, 반려동물 동반, 남/녀 화장실 구분, 제로페이, 국민지원금
리김밥 압구정본점|김밥|4500.0|3.2|25|야채김밥|매콤견과류김밥|참치김밥|참치에담치즈김밥| 서울 강남구 압구정로30길 12 서원빌딩 1층 (지번) 신사동 610 |02-548-5552|08:00 - 20:30|주차, 포장, 배달, 예약, 무선 인터넷, 남/녀 화장실 구분, 제로페이, 국민지원금
리커테이션|와인|29500.0|4.3|171|와인|와인콜키지 1병|배달 & 외부음식|| 서울 강남구 압구정로10길 13 지하1층 (지번) 신사동 532-4 |0507-1311-5337|18:00 - 24:00|단체석, 주차, 배달, 예약, 무선 인터넷, 제로페이, 국민지원금
리틀넥 청담|이탈리아음식|13000.0|3.9|911|아메리칸 오믈렛|살몬 포케|고구마 프라이즈|라자냐|서울 강남구 도산대로51길 17|0507-1400-1476|11:00 - 21:00|단체석, 발렛파킹, 포장, 배달, 무선 인터넷
리틀사이공 압구정본점|베트남음식|12000.0|3.8|59|짜죠|퍼 보2 미디엄|분짜|퍼 싸오| 서울 강남구 언주로174길 26 (지번) 신사동 640-1 |02-547-9050|11:30 - 22:00|주차, 발렛파킹, 포장, 배달, 무선 인터넷, 남/녀 화장실 구분, 국민지원금
리틀인디아|인도음식|8500.0|4.6|35|베지 파코라(Veg. Pakaura)|Nan/난|탄두리 치킨 반 마리|씨프드-커리 (Seafood curr| 서울 강남구 압구정로10길 43 3층 (지번) 신사동 534-17 |02-511-1997|11:00 - 23:00|단체석, 주차, 발렛파킹, 포장, 예약, 무선 인터넷
마구로젠 신사점|생선회|59500.0|4.3|61|골드코스|점심참치회특정식|스페셜코스|로얄코스| 서울 강남구 논현로151길 20 태화빌딩 1층 (지번) 신사동 562-14 |0507-1401-8093|11:40 - 21:50|단체석, 주차, 발렛파킹, 포장, 예약, 무선 인터넷, 남/녀 화장실 구분, 지역화폐(지류형), 지역화폐(카드형), 지역화폐(모바일형), 제로페이, 국민지원금
마르르 본점|중식당|14500.0|3.3|64|마라탕|꿔바로우|마라탕 백탕|라즈지|서울 강남구 도산대로53길 29 1층|02-6083-3456|11:30 - 22:00|발렛파킹, 포장, 배달, 반려동물 동반, 제로페이
마리모|이자카야|23750.0|3.5|5|교자탕|오뎅탕|알탕|회덮밥| 서울 강남구 도산대로49길 10-1 (지번) 신사동 653-14 |02-545-5885|18:00 - 04:00|주차, 예약
마망갸또 신사점|케이크전문|9000.0|3.0|30|카라멜 눈꽃 빙수|카라멜 롤|말차 카라멜 롤|카라멜 토르테|서울 강남구 압구정로10길 30-12|070-4353-5860|12:00 - 21:00|단체석, 발렛파킹, 포장, 배달, 예약, 무선 인터넷, 남/녀 화장실 구분, 제로페이
마법갈비요술꼬치|육류,고기요리|8250.0|3.4|51|닭완자 꼬치|대파&닭|none|none| 서울 강남구 선릉로157길 26 1,2층 (지번) 신사동 663-28 |02-543-9289|18:00 - 02:00|단체석, 발렛파킹, 포장, 예약, 무선 인터넷, 남/녀 화장실 구분
마봉양꼬치 압구정점|양꼬치|19250.0|4.0|14|고급숙성 양갈비|마봉양꼬치|등심꼬치|꿔바로우(찹쌀탕수육)| 서울 강남구 압구정로28길 22-10 (지번) 신사동 577-9 |0507-1376-5250|15:00 - 23:00|단체석, 주차, 발렛파킹, 포장, 배달, 예약, 남/녀 화장실 구분, 제로페이, 국민지원금
마사 타코|멕시코,남미음식|11625.0|3.9|85|더 웍스 브렉퍼스트 부리또|마사탓스|팅가데포요(치킨) 타코x 2|토마티오 포크(돼지고기) 타코 x2|서울 강남구 압구정로10길 30-8|02-545-6915|12:00 - 22:00|단체석, 발렛파킹, 포장, 배달, 예약, 무선 인터넷, 반려동물 동반, 남/녀 화장실 구분
마산옥|아귀찜,해물찜|52500.0|2.9|18|아구찜|아구수육|모듬찜|아구탕| 서울 강남구 강남대로152길 9 1층 (지번) 신사동 512-20 |02-544-7207|11:30 - 22:30|단체석, 포장, 예약, 국민지원금
마이쏭|브런치|18000.0|2.6|53|MySsong Brunch Plate|Ssong Burger|Classic Eggs Benedict|Bacon Cheese burger|서울 강남구 도산대로45길 16-4|02-518-0105|10:00 - 22:00|단체석, 발렛파킹, 포장, 무선 인터넷
마일스톤 커피|카페|5125.0|4.3|332|플랫화이트|수제마스카포네티라미수|에스프레소|아메리카노|서울 강남구 논현로159길 49|0507-1425-1195|10:00 - 21:00|포장, 배달, 무선 인터넷
마제스티 타바론 티 라운지|양식|12000.0|4.2|117|Tea|none|none|none|서울 강남구 도산대로 327 16층|02-510-5800|11:30 - 22:00|단체석, 주차, 발렛파킹, 예약, 무선 인터넷, 남/녀 화장실 구분
마치래빗 샐러드 신사동가로수길본점|다이어트,샐러드|0.0|3.3|12|마치래빗|스도|콥|해피비건|서울 강남구 논현로153길 45|0507-1411-4514|11:00 - 21:00|단체석, 주차, 포장, 무선 인터넷, 남/녀 화장실 구분, 국민지원금
마치마치 가로수길점|카페,디저트|4325.0|2.9|28|일월담 홍차|포케 자스민 녹차|우롱 철관음차|크림치즈 블랙티| 서울 강남구 도산대로11길 25 1층 (지번) 신사동 517-29 |02-545-0503|12:00 - 22:00|매장 내 식사
마크레인커피|카페|5375.0|3.4|66|아메리카노|카페라떼|콜드브루 아메리카노|초콜렛 라떼| 서울 강남구 선릉로157길 23-5 (지번) 신사동 657-24 |0507-1400-5202|10:00 - 21:00|단체석, 포장, 남/녀 화장실 구분, 국민지원금, 노트북/태블릿PC 사용 불가 주차 불가
막이오름 가로수길점|요리주점|26550.0|3.7|106|[인기]우삼겹떡볶이+눈꽃베이컨감자전(20cm)+치즈볼+|크림바지락술찜+페퍼로니&할라피뇨김치전(20cm)|매콤해물토마토스튜+바싹불고기파전(20cm)|[추천]마라어묵탕+카레닭똥집튀김+파인애플샤베트|서울 강남구 가로수길 10 2층|02-544-3864|16:30 - 23:00|단체석, 포장, 배달, 무선 인터넷, 남/녀 화장실 구분
도산맘마미아|카페,디저트|5900.0|3.1|1009|콜드브루 티브루|아메리카노|카페라떼|바닐라라떼|서울 강남구 압구정로42길 45|02-511-0620|10:00 - 23:00|주차, 발렛파킹, 포장, 무선 인터넷, 반려동물 동반, 남/녀 화장실 구분
매덕스피자 신사점|피자|30750.0|4.2|14|맥앤치즈피자(조각)|맥앤치즈피자(한판)|마르게리타피자(조각)|마르게리타피자(한판)|서울 강남구 도산대로15길 11 1층|02-542-2420|11:30 - 22:00|단체석, 주차, 발렛파킹, 포장, 배달, 무선 인터넷
맥도날드 신사역점|햄버거|5775.0|3.0|17|빅맥® 세트|맥스파이시® 상하이 버거 세트|1955 버거™ 세트|불고기 버거 세트| 서울 강남구 도산대로 123 2층 (지번) 신사동 514-15 |070-7204-4968|00:00 - 24:00|24시간
맥도날드 압구정CGV점|햄버거|5775.0|2.2|13|빅맥® 세트|맥스파이시® 상하이 버거 세트|1955 버거™ 세트|불고기 버거 세트| 서울 강남구 논현로 848 지하1층, 1층 (지번) 신사동 603-2 |070-7017-3350|08:00 - 24:00|매장 내 식사
맥주덕후 피자덕후|피자|44333.0|4.7|169|수제맥주 & 와인|텍사스 수비드 비프립 피자|캐네디언 랍스터펀치 치폴레 피자|하와이안 갈릭 쉬림프&파인애플 피자|서울 강남구 선릉로157길 23 2층 맥주덕후 피자덕후|0507-1380-4091|11:30 - 23:00|단체석, 포장, 배달, 예약, 무선 인터넷, 남/녀 화장실 구분
메이드|스파게티,파스타전문|17125.0|3.8|137|아보카도 에그 베네딕트|한우 미트볼 스파게티|가지,모짜렐라 스파게티|치즈 리조또 튀김| 서울 강남구 논현로175길 39 1층 (지번) 신사동 572-1 |0507-1408-1074|11:00 - 22:00|단체석, 주차, 포장, 배달, 방문접수/출장, 예약, 무선 인터넷, 남/녀 화장실 구분, 지역화폐(카드형), 지역화폐(모바일형), 제로페이
명인등심 압구정직영점|육류,고기요리|35500.0|4.3|41|한우 특등심|시골된장죽|한우 등심 주물럭|한우 육사시미 (화수목 한정)| 서울 강남구 도산대로 211 (지번) 신사동 587-15 |0507-1448-5547|11:30 - 22:00|단체석, 주차, 발렛파킹, 포장, 예약, 무선 인터넷, 남/녀 화장실 구분, 제로페이
모던오뎅|일식당|10500.0|3.3|89|아보카도 스미소|토마토 네기소스|방방지|다시마키|서울 강남구 도산대로17길 10 1층 모던오뎅|02-543-0809|18:00 - 24:00|예약, 무선 인터넷
모로미 도산공원점|이자카야|83000.0|4.2|57|특사시미 모리아와세大|스키야키|사시미 모리아와세大|한우 호우바 미소야끼| 서울 강남구 언주로172길 30 신화빌딩 1층 (지번) 신사동 643-11 |02-547-8310|17:00 - 02:00|단체석, 발렛파킹, 예약, 무선 인터넷
모즈|일식당|37500.0|3.1|11|사시미 6종 모리아와세|우나기 카바야끼|사시미 3종 모리아와세|나스덴카쿠| 서울 강남구 언주로153길 10-5 (지번) 신사동 626-68 |02-542-5048|17:30 - 23:00|발렛파킹, 포장, 예약
모퉁이흑미김밥|김밥|3875.0|5.0|5|참치김밥|모퉁이김밥|소고기김밥|더블치즈김밥| 서울 강남구 도산대로27길 25 101호 (지번) 신사동 564-6 |0507-1442-5555|07:30 - 20:00|국민지원금
목포집|한정식|40000.0|3.4|154|닭볶음탕(소)|닭볶음탕(중)|닭볶음탕(대)|닭볶음탕(특대)|서울 강남구 강남대로152길 24|02-549-5119|11:30 - 22:00|포장, 무선 인터넷, 남/녀 화장실 구분, 제로페이, 국민지원금
몽고네|이탈리아음식|105000.0|3.5|69|쉐프 스페셜 시즌 코스 메뉴|성게알 어란 파스타|디너 Classico 코스|런치 Classico 코스| 서울 강남구 선릉로155길 5 승승장구빌딩 1층 (지번) 신사동 665-11 |02-540-0680|12:00 - 22:30|발렛파킹, 예약, 무선 인터넷
몽리|와인|30250.0|3.7|39|와인|피자|파스타|맥주| 서울 강남구 가로수길 14-3 지상1층 (지번) 신사동 541-10 |02-3443-2788|17:00 - 01:00|단체석, 발렛파킹, 예약, 무선 인터넷, 반려동물 동반, 국민지원금
무교동유정낙지 압구정직영점|낙지요리|24750.0|1.6|21|낙지볶음(한접시)|낙지탕수육|낙지튀김|연포탕| 서울 강남구 논현로163길 10 베드로빌딩 1층 (지번) 신사동 570-6 |02-543-3037|11:00 - 05:00|단체석, 주차, 포장, 남/녀 화장실 구분, 국민지원금
무니 압구정본점|카페,디저트|9125.0|3.4|70|바닐라쉐이크|아이스크림 라떼|아인슈페너|무니 아메리카노| 서울 강남구 압구정로56길 16 1~4층 (지번) 신사동 664-22 |010-9340-4466|09:00 - 22:00|포장, 남/녀 화장실 구분
무아|일식당|80000.0|4.8|90|디너 코스|주류 페어링|none|none| 서울 강남구 논현로151길 33 2층 (지번) 신사동 561-21 |0507-1346-3300|17:00 - 22:00|예약, 무선 인터넷
무탄|중식당|37000.0||488|스테이크트러플짜장면|마카롱 멘보샤|고추 유린기|오향장우육|서울 강남구 논현로176길 22 1층|02-549-9339|11:00 - 22:00|단체석, 주차, 발렛파킹, 포장, 배달, 예약, 무선 인터넷, 남/녀 화장실 구분
묵전|전통,민속주점|21857.0|3.8|145|시골장터모둠전|모듬 해물 파전|묵전 최고 한방 도마보쌈|돼지고기 김치찜|서울 강남구 언주로168길 22|02-548-1461|11:30 - 24:00|단체석, 발렛파킹, 포장, 예약, 남/녀 화장실 구분
뮤즈온|바(BAR)|15000.0|4.6|52|뮤즈온 사워|none|none|none|서울 강남구 도산대로15길 32 2층|0507-1441-4541|18:00 - 새벽 02:00|단체석, 주차, 예약, 무선 인터넷, 제로페이, 국민지원금
미노스|카페,디저트|5775.0|4.3|7|아메리카노|카페라떼|초코라떼|녹차라떼| 서울 강남구 가로수길 80 한림빌딩 2층 (지번) 신사동 547-1 |070-8818-4601|09:00 - 05:00|매장 내 식사
미드타운|브런치|0.0|3.5|53|LUNCH|DINNER|ALCOHOL|DRINKS|서울 강남구 도산대로11길 40|02-540-5240|11:30 - 새벽 01:00|단체석, 발렛파킹, 포장, 배달, 예약, 무선 인터넷, 남/녀 화장실 구분
미라이|일식당|26250.0|3.8|74|사시미8종|마구로치즈아에|니싱이소베마끼|이베리코산쇼야끼| 서울 강남구 논현로153길 24 끌레르빌1 1층 (지번) 신사동 557-25 |0507-1410-0934|18:00 - 23:00|예약, 무선 인터넷, 남/녀 화장실 구분, 제로페이, 국민지원금
미미갈비|한식|25500.0|3.0|77|미미모둠400g|차돌된장라면|진갈비|깍뚝갈비| 서울 강남구 강남대로158길 19 삼우빌딩 1층 (지번) 신사동 508-7 |02-515-9293|17:00 - 21:00|매장 내 식사
미미면가|일식당|15500.0|3.6|407|고등어구이 온소바|성게알 냉소바|냉/온소바|새우튀김 냉소바|서울 강남구 강남대로160길 29|0507-1413-5466|11:30 - 21:30|무선 인터넷
미방 압구정점|육류,고기요리|36000.0|2.8|5|프리미엄프렌치|양갈비|스페셜양등심|갈비살| 서울 강남구 논현로159길 9 동성빌딩 1층 (지번) 신사동 566-30 |02-540-3660|12:00 - 23:00|단체석, 주차, 발렛파킹, 포장, 예약, 무선 인터넷
미분당 신사점|베트남음식|9625.0|4.4|112|차돌양지힘줄 쌀국수|차돌박이 쌀국수|양지 쌀국수|차돌양지 쌀국수|서울 강남구 도산대로1길 18 1층|0507-1326-3607|11:00 - 21:00|포장, 배달, 무선 인터넷, 남/녀 화장실 구분, 지역화폐(모바일형), 제로페이, 국민지원금
미켈러바|맥주,호프|14375.0|3.7|9|그린토스트|김치전|닭강정|미니버거와 감자튀김| 서울 강남구 도산대로17길 33 (지번) 신사동 544-22 |070-4231-4723|17:00 - 24:00|2015테이스티로드 40회, 15.11.21.2015년 11월 21일 새우장/연어
밀떡팩토리 본점|떡볶이|17000.0|4.0|80|RED 매콤달콤떡볶이|ROSE GARDEN 투움바떡볶이|BROWN 차돌떡볶이|BLACK 짜장떡볶이| 서울 강남구 도산대로11길 21 1층 (지번) 신사동 516-9 |0507-1302-3347|11:30 - 21:20|포장, 배달, 무선 인터넷
바랗|해물,생선요리|28750.0|3.6|26|바다물곰탕|명품모둠물회|게살비빔밥|성게비빔밥|서울 강남구 도산대로 309 삼공빌딩|0507-1442-8892|11:30- - 22:00|단체석, 주차, 발렛파킹, 포장, 예약, 무선 인터넷, 남/녀 화장실 구분
바빌리안테이블|양식|48100.0|4.4|181|립아이 스테이크|치즈 퐁듀 스테이크|이베리코 스테이크|로제 치킨 스튜|서울 강남구 압구정로46길 5-2|02-540-3305|11:00 - 23:00|단체석, 주차, 발렛파킹, 예약, 무선 인터넷, 남/녀 화장실 구분
배스킨라빈스 BROWN청담점|아이스크림|19725.0|4.2|263|하프갤론|쿼터|파인트|패밀리|서울 강남구 도산대로 327|0507-1443-1205|09:00 - 23:00|주차
배스킨라빈스 세로수길점|아이스크림|19725.0|5.0|27|파인트|쿼터|하프갤론|패밀리| 서울 강남구 도산대로11길 15 1층 (지번) 신사동 515-6 |02-542-8613|10:00 - 23:00|매장 내 식사
백곰막걸리|전통,민속주점|25000.0|3.4|125|동해안 오징어 듬뿍듬뿍 김치전|여수 달마새우 미나리전|태안 생물 간재미(가오리) 찜|벌교 매콤새콤 피꼬막 미나리초무침|서울 강남구 압구정로48길 39 1-2층|0507-1377-7644|17:30 - 새벽 01:30|단체석, 포장, 배달, 예약, 무선 인터넷, 남/녀 화장실 구분, 제로페이, 국민지원금
뱃고동|낙지요리|15125.0|3.4|324|오징어불고기백반|낙지불고기백반|산낙지불고기|낙지불고기|서울 강남구 언주로172길 54|0507-1413-8008|11:30 - 22:00|단체석, 발렛파킹, 포장, 예약, 무선 인터넷, 남/녀 화장실 구분, 국민지원금
뱅가|와인|30750.0|4.3|46|Cheese Cart|Spring Salad|Buratta Salad|Bruschetta| 서울 강남구 언주로168길 6 현담원빌딩 지하 1층 (지번) 신사동 634-1 |02-516-1761|18:00 - 01:30|단체석, 주차, 발렛파킹, 예약, 무선 인터넷, 남/녀 화장실 구분
버터풀&크리멀러스|베이커리|3950.0|4.3|193|버터풀 크로와상|바게트 앙뷔르|버터풀 크로와상 앙뷔르|클래식 마들렌| 서울 강남구 언주로172길 59 삼두빌딩 1층 (지번) 신사동 662-11 |0507-1485-2223|11:00 - 19:00|발렛파킹, 포장
벙커컴퍼니 압구정점|카페,디저트|5000.0|4.2|114|에스프레소|none|none|none|서울 강남구 언주로167길 23 단독주택 1, 2층|0507-1357-1456|10:00 - 21:00|포장, 무선 인터넷, 남/녀 화장실 구분
베이징덕|오리요리|40750.0|2.5|82|베이징덕 구이 한마리|베이징덕 구이 반마리|모밀(1인분)|메밀(2인분)| 서울 강남구 논현로 874 (지번) 신사동 610-1 |02-512-5252|11:30 - 22:30|단체석, 주차, 포장, 예약, 국민지원금
베이커리 앤 커피 by 쿤달 압구정로데오 플래그쉽스토어|베이커리|4900.0|3.6|81|아메리카노|none|none|none|서울 강남구 도산대로53길 39 1층|070-4647-0450|10:30 - 22:00|단체석, 발렛파킹, 포장, 배달, 무선 인터넷, 남/녀 화장실 구분
벽돌해피푸드 압구정점|중식당|17250.0|3.5|202|토마토 계란 덮밥|크림새우|사천식 돼지고기 튀김|마라샹궈|서울 강남구 도산대로51길 36 1층|02-514-0200|11:30 - 22:00|단체석, 발렛파킹, 포장, 배달, 무선 인터넷, 남/녀 화장실 구분
변두리비스트로|와인|21000.0|4.5|98|봉골레술찜|#NAME?|문어숙회&로메스코소스|모찌리도후|서울 강남구 도산대로1길 36|0507-1409-5969|17:00 - 24:00|주차, 발렛파킹, 예약, 무선 인터넷, 남/녀 화장실 구분, 국민지원금
병철이네쪽갈비|육류,고기요리|12500.0|3.6|50|쪽갈비(350g)|생껍데기(200g)|마약주먹밥|갈비김치찌개| 서울 강남구 논현로152길 28 (지번) 신사동 588-5 |02-3445-5558|16:00 - 24:00|발렛파킹, 예약, 국민지원금
보물선 신사본점|생선회|42750.0|2.6|14|(완도산)광어|우럭|모듬한상(대)|모듬한상(특대)| 서울 강남구 강남대로152길 20 (지번) 신사동 514-1 |02-511-9093|15:30 - 05:00|단체석, 발렛파킹, 포장, 예약, 무선 인터넷, 반려동물 동반, 남/녀 화장실 구분, 국민지원금
보바베어|바(BAR)|14250.0|3.4|8|Hookah|하우스와인|팝콘|나초| 서울 강남구 가로수길 78 2층 (지번) 신사동 547-2 |0507-1434-8585|15:00 - 01:00|단체석, 예약, 무선 인터넷, 남/녀 화장실 구분
보울룸|다이어트,샐러드|5375.0|3.9|262|보울룸 시그니쳐|쉬림프타코|피쉬타코|또띠아 칩| 서울 강남구 압구정로42길 36 금광아크존1 1층 103호 (지번) 신사동 635-14 |0507-1351-0260|11:00 - 20:30|포장, 배달, 무선 인터넷, 남/녀 화장실 구분
보타르가|이탈리아음식|38000.0|4.1|56|Bottarga Pasta|none|none|none|서울 강남구 언주로170길 16 1층|010-8558-5378|12:00 - 22:00|단체석, 발렛파킹, 포장, 예약, 무선 인터넷, 남/녀 화장실 구분
본태|아시아음식|45000.0|3.3|128|Seong-ge Bibim-Bap Bansang|Odor-Don Bansang|KangHan Mulhoe Soba|Seong-ge Kim Bibim-Myun| 서울 강남구 도산대로45길 14 1층 (지번) 신사동 650-16 |02-545-2018|12:00 - 22:00|매장 내 식사 · 테이크아웃
볼피노|이탈리아음식|27250.0|3.8|209|트러플 아란치니|고등어 파스타|새우소시지 오징어먹물 펜네 파스타|우니파스타|서울 강남구 도산대로45길 10-7 신사동 K빌딩|010-2249-1571|12:00 - 22:30|단체석, 주차, 발렛파킹, 포장, 무선 인터넷
부머스 도산점|카페|4500.0|2.3|73|아메리카노|에브리띵 쿠키|에그샐러드번|none| 서울 강남구 압구정로46길 34 (지번) 신사동 644-21 |0507-1360-4288|12:00 - 19:00|단체석, 발렛파킹, 포장, 배달, 예약, 무선 인터넷, 반려동물 동반
부쉬윅|바(BAR)|25750.0|5.0|113|레몬 드랍|피치 크러쉬|롱아일랜드 아이스티|프랑수아 뒬락 블랑 브뤼 샴페인|서울 강남구 선릉로153길 34 지하 1층|0507-1334-8432|19:00 - 새벽 02:00|단체석, 주차, 예약, 남/녀 화장실 구분, 국민지원금
불공장|한식|40000.0|2.9|46|뭉티기|양지오드레기(한우)|오징어불고기|연화리쟁반| 서울 강남구 강남대로156길 31-9 1층 (지번) 신사동 517-15 |0507-1447-1236|17:00 - 02:00|단체석, 예약, 무선 인터넷, 남/녀 화장실 구분
붓처스컷 도산|양식|61000.0||37|프라임 티본 스테이크|클래식 콥 샐러드|랍스터 세비체|프렌치 어니언 스프| 서울 강남구 신사동 623-4 1,2층  |02-6952-5053|11:30 - 22:00|단체석, 주차, 발렛파킹, 포장, 배달, 예약, 남/녀 화장실 구분, 제로페이, 국민지원금
브루클린더버거조인트 가로수길점|햄버거|8800.0|3.9|470|브루클린웍스|더치즈버거|none|none|서울 강남구 도산대로15길 12 가로수빌딩 1층|02-545-0718|11:00 - 22:00|단체석, 주차, 발렛파킹, 포장, 무선 인터넷
브리오슈도레 압구정역점|베이커리|7500.0|3.2|15|크루아상 B.E.L.T|크루아상 잠봉 샌드위치|햄치즈 바게트 샌드위치|| 서울 강남구 압구정로30길 51 I.S.A빌딩 1층 101호 (지번) 신사동 600 |02-517-1113|08:00 - 21:00|주차, 포장, 무선 인터넷, 남/녀 화장실 구분
블루보틀 압구정 카페|블루보틀|6000.0|3.3|176|지브랄타|블렌드 (드립)|싱글 오리진 (드립)|뉴 올리언스|서울 강남구 논현로 854 101호, 201호|0507-1385-6998|08:00 - 20:00|매장이용가능
비비드|베이커리|5500.0|3.8|87|우유 크로넛|딥초코 크로넛|애플시나몬 크로넛|허니비 크로넛| 서울 강남구 도산대로17길 44 1층 104호 (지번) 신사동 554-13 |0507-1364-3711|12:00 - 20:00|생방송투데이 2939회, 21.11.23.2021년 11월 23일 크로넛
비스트로스파크|이탈리아음식|24000.0|4.1|25|뿔뽀 알리오|시칠리안 아란치니|트러플 치킨 크림 파스타|매콤한 칠리 토마토 리가토니| 서울 강남구 압구정로 330 1층 (지번) 신사동 660-6 |0507-1419-8986|15:00 - 22:00|단체석, 주차, 발렛파킹, 예약, 무선 인터넷, 남/녀 화장실 구분
비엔나커피하우스 압구정극동타워점|카페|6500.0|4.4|13|아인슈페너|레체레체멜랑즈 (ICE)|아메리카노|깔루아 모카| 서울 강남구 압구정로 152 (지번) 신사동 575 |0507-1339-1683|08:00 - 22:00|단체석, 주차, 포장, 배달, 예약, 무선 인터넷, 남/녀 화장실 구분, 장애인 편의시설, 국민지원금
비파티세리|베이커리|5950.0|4.2|218|퀸아망 클래식 (Kouign Amann Classic)|퀸아망 플레이버 (Kouign Amann Flavor)|크로아상 (Croissant)|클럽 샌드위치 (Club Sandwich)|서울 강남구 압구정로14길 36 인자빌딩 1-4층 비파티세리|02-517-0033|10:00 - 22:00|단체석, 포장, 배달, 예약, 무선 인터넷, 남/녀 화장실 구분
빌라레코드|바(BAR)|25000.0|4.8|41|SOUL SEEK|Sweet 16|Natural High|Breathe| 서울 강남구 도산대로15길 18 지하 2층 (지번) 신사동 540 |02-703-6070|19:00 - 02:00|단체석, 주차, 발렛파킹, 예약, 무선 인터넷, 반려동물 동반, 남/녀 화장실 구분
빠레뜨한남 가로수길점|양식|15000.0|3.0|482|빠레뜨 파스타|오므라이스|들기름 육회 파스타|함박 스테이크|서울 강남구 논현로153길 61 2층|02-517-3457|11:30 - 20:30|단체석, 포장, 무선 인터넷, 남/녀 화장실 구분
빵어니스타 압구정점|베이커리|4500.0|3.6|82|비건 초코쌀타르트|비건 서리태두부 쌀케이크|비건 흑임자두부 쌀케이크|비건 말차 쌀파운드| 서울 강남구 도산대로25길 43 1층 (지번) 신사동 553-25 |02-546-7768|12:00 - 20:00|주차, 포장, 배달, 무선 인터넷, 제로페이, 국민지원금
뻐꾸기 본점|포장마차|17500.0|3.7|46|통마늘 닭똥집|낙지 떡볶이|양곱창볶음|먹태구이|서울 강남구 도산대로17길 4|02-512-6798|17:00 - 새벽 04:30|주차, 국민지원금
사가라멘 가로수길점|일본식라면|8500.0|3.0|128|돈코츠라멘|카라이멘|돈부리류|차슈라멘| 서울 강남구 강남대로156길 32 1층 (지번) 신사동 516-6 |02-516-6775|11:00 - 22:00|포장, 제로페이, 국민지원금
사이|이자카야|38750.0|4.1|44|사시미모리와세|트러플가리비관자우니|우니이꾸라참치폭탄마끼|눈꽃크림새우|서울 강남구 압구정로2길 35|0507-1331-4242|17:00 - 24:00|주차, 발렛파킹, 포장, 배달, 예약, 무선 인터넷, 국민지원금
사케리아잇콘|일식당|18000.0|4.4|43|사시미8종|우나기구이|오늘빚은야끼교자|고등어봉초밥| 서울 강남구 언주로170길 28 2층 (지번) 신사동 644-15 |02-543-9878|18:00 - 01:00|발렛파킹, 예약, 남/녀 화장실 구분
산호|해물,생선요리|55000.0|3.2|39|맡김차림(오마카세)|한우육회낙지탕탕이|돌문어숙회|꽃게탕| 서울 강남구 논현로175길 111 (지번) 신사동 525-7 |02-517-0035|11:30 - 23:00|단체석, 발렛파킹, 포장, 예약, 무선 인터넷, 남/녀 화장실 구분
살롱드애일리|양식|26000.0|4.5|64|트러플 라구 크림|채끝등심 스테이크|감베리로제|매생이 크림 리조또| 서울 강남구 압구정로11길 37-53 애일리하우스 2층 (지번) 압구정동 379 |0507-1394-4240|12:00 - 22:00|매장 내 식사
삼백집 가로수길직영점|국밥|9000.0|3.4|17|콩나물국밥|전주놋그릇비빔밥|해온반|사장님국밥| 서울 강남구 도산대로17길 6 (지번) 신사동 561-11 |02-6229-3100|10:00 - 21:00|주차, 남/녀 화장실 구분, 국민지원금
삼원가든|한식|82500.0||56|삼 전통 양념갈비|한우 갈비 (양념/생)|한우 특생갈비|한우 불고기|서울 강남구 언주로 835|02-548-3030|11:30 - 21:00|단체석, 주차, 발렛파킹, 포장, 배달, 예약, 남/녀 화장실 구분, 장애인 편의시설, 지역화폐(지류형), 지역화폐(카드형), 지역화폐(모바일형), 제로페이, 국민지원금
삼정하누 도산공원점|소고기구이|43200.0|4.2|17|샤토브리앙(150g)|안심(150g)|꽃등심 (150g)|안심추리(150g)| 서울 강남구 언주로170길 20 1층 (지번) 신사동 644-5 |02-3443-0045|11:30 - 22:00|단체석, 주차, 발렛파킹, 포장, 예약, 무선 인터넷, 반려동물 동반, 남/녀 화장실 구분, 지역화폐(모바일형), 제로페이, 국민지원금
삼창교자|딤섬,중식만두|14500.0|3.7|243|하이단(우니)교자|훠라띠위궈(매운 소고기전골)|뽀우위(전복)교자|빠아위(삼치)교자|서울 강남구 강남대로156길 33 1층|0507-1473-5588|11:30 - 22:00|발렛파킹, 포장, 배달, 무선 인터넷
삼화식당1972 본점|육류,고기요리|17000.0|4.9|116|새조개 삼함|갑오징어 삼합|쭈꾸미 삼합|삼화 장미살| 서울 강남구 강남대로152길 15 (지번) 신사동 512-17 |02-540-1972|11:30 - 22:00|단체석, 발렛파킹, 포장, 배달, 예약, 무선 인터넷, 남/녀 화장실 구분, 지역화폐(지류형), 지역화폐(카드형), 지역화폐(모바일형), 제로페이, 국민지원금
삿뽀로 압구정점|일식당|42000.0|4.0|18|사모님정식|런치스페셜C|주말가족특선C|디너코스D| 서울 강남구 압구정로30길 51 I.S.A 빌딩 지하 101호 (지번) 신사동 600 |02-514-7767|11:30 - 22:00|단체석, 주차, 발렛파킹, 포장, 배달, 예약, 남/녀 화장실 구분
SADDLER HAUS|와플|9000.0|2.3|55|와플세트|페스츄리 바게트|새들러슈페너|호지티 라떼| 서울 강남구 도산대로17길 10 지하 1층 (지번) 신사동 561-8 |070-8265-5541|12:00 - 20:00|발렛파킹, 포장, 무선 인터넷, 반려동물 동반
생활맥주 압구정로데오점|맥주,호프|19000.0|1.7|15|생활 부대 떡볶이|앵그리버드|앵그리버드와 감자|앵그리버드 레드| 서울 강남구 압구정로50길 5-12 (지번) 신사동 661-10 |02-515-8679|16:30 - 01:00|단체석, 포장, 무선 인터넷, 지역화폐(카드형), 지역화폐(모바일형), 제로페이, 국민지원금
샤블리|샤브샤브|29500.0|3.8|297|샤블리 정식|차돌박이구이 & 샤브 정식|한우소고기샤브 정식|대패삼겹살 with 샤브샤브|서울 강남구 강남대로152길 35 2층|0507-1432-8869|11:30 - 23:00|단체석, 주차, 발렛파킹, 포장, 배달, 예약, 남/녀 화장실 구분
서울러|와인|22000.0|4.5|65|고수 크림 스파게티니|감바스 알 아히요|Wine|화이트 라구 소스 파스타|서울 강남구 강남대로152길 69|0507-1333-6199|18:00 - 새벽 01:00|단체석, 주차, 발렛파킹, 예약, 무선 인터넷, 남/녀 화장실 구분, 제로페이, 국민지원금
선데이 버거 클럽|햄버거|8750.0|4.3|198|Sunday cheese burger DBL|Cheese burger SNGL|Cheese burger DBL|Chipotle cheese burger SNGL|서울 강남구 언주로170길 37 201호|02-6080-8213|11:00 - 21:20|단체석, 발렛파킹, 포장, 배달, 무선 인터넷
선셋스위밍 샌드위치|샌드위치|5700.0|3.2|186|아메리카노|라떼|카푸치노|바닐라 라떼|서울 강남구 언주로170길 23 1층|0507-1495-7677|10:00 - 21:00|발렛파킹, 포장, 무선 인터넷, 국민지원금
설매네|한식|22000.0|3.6|23|보쌈|탕평채|굴전|시골국밥| 서울 강남구 압구정로30길 23 지하1층 (지번) 신사동 609-1 |02-548-0090|11:30 - 22:30|단체석, 포장, 예약, 국민지원금
성하루|중식당|10000.0|4.9|2|마라탕면|우육탕면|마파두부밥|XO게살볶음밥| 서울 강남구 압구정로4길 13-17 2층 (지번) 신사동 525-24 |02-540-5013|11:00 - 22:00|단체석, 발렛파킹, 포장, 예약, 무선 인터넷, 국민지원금
세광양대창 신사역가로수길점|곱창,막창,양|27000.0|3.4|103|모듬구이|곱창전골|꽃대창|대창구이| 서울 강남구 도산대로1길 24 1층 102호 (지번) 신사동 510 |02-543-2363|15:00 - 24:00|단체석, 주차, 발렛파킹, 포장, 배달, 예약, 무선 인터넷, 남/녀 화장실 구분, 국민지원금
세시셀라 도산공원점|카페|10150.0|3.7|230|당근케이크|와플브런체세트|크레이프케이크|오늘의티|서울 강남구 도산대로45길 10-4 삼경빌딩 1층|02-3448-7100|11:30 - 22:00|단체석
세인트그릴|햄버거|12075.0|4.1|142|치즈버거|치즈 버거 세트|슈프림 올스타 세트|슈프림 올스타|서울 강남구 논현로175길 63|0507-1348-5508|00:00 - 24:00|단체석, 발렛파킹, 포장, 배달, 예약, 무선 인터넷, 남/녀 화장실 구분, 국민지원금
소나|카페|23000.0|3.9|72|로제 썸머 프루츠 케이크|레몬 Lemon|3코스 디저트와 음료세트|쁘띠푸와 음료 세트|서울 강남구 강남대로162길 40 2층 SONA|0507-1345-3246|12:30 - 22:00|발렛파킹, 무선 인터넷, 제로페이
소나무|소고기구이|22000.0|5.0|28|한우소갈비살(소금,양념)|한우안창살|한우채끝등심|된장찌개| 서울 강남구 압구정로28길 22-9 (지번) 신사동 576-3 |0507-1408-0154|16:30 - 22:00|단체석, 주차, 발렛파킹, 예약, 무선 인터넷, 남/녀 화장실 구분, 국민지원금
소이연남마오|태국음식|17250.0|4.0|117|소고기쌀국수|똠얌쌀국수|꿍팟퐁커리(새우 옐로 커리)|똠얌꿍|서울 강남구 도산대로53길 30 소이연남마오 1, 2층|0507-1315-5130|11:30 - 21:50|발렛파킹, 포장, 예약, 무선 인터넷, 남/녀 화장실 구분, 지역화폐(모바일형), 제로페이, 국민지원금
소적두 압구정점|카페|4650.0|3.9|35|소적두팥빙수|가마솥단팥죽|도라지찹쌀떡|쑥찹쌀떡|서울 강남구 압구정로46길 5-2 원일빌딩 1층|0507-1309-4433|10:30 - 22:30|단체석, 주차, 포장, 배달, 무선 인터넷, 반려동물 동반, 남/녀 화장실 구분
소진담 신사점|카페,디저트|13500.0|4.0|377|케이크|아메리카노|홀케이크|쑥차|서울 강남구 논현로161길 51 B1, 1F|02-542-5550|11:00 - 22:00|단체석, 포장, 예약, 무선 인터넷, 남/녀 화장실 구분, 지역화폐(카드형)
솔빈덕|핫도그|14000.0|3.2|13|솔빈덕|비프덕|에그솔빈덕|쓰벌덕| 서울 강남구 도산대로51길 40 (지번) 신사동 657-32 |010-9466-3419|18:00 - 05:30|단체석, 주차, 발렛파킹, 포장, 예약, 무선 인터넷, 남/녀 화장실 구분
송쉐프|중식당|31750.0|3.6|138|난자완스|게살볶음|옛날볶음밥+프라이|옛날짬뽕(밥)|서울 강남구 도산대로1길 40|02-546-1178|11:30 - 21:30|발렛파킹
송옥 압구정분점|한식|8000.0|3.2|25|판메밀|면1판추가|온메밀|비빔메밀| 서울 강남구 언주로172길 62 한수빌딩 1층 (지번) 신사동 663-18 |02-515-3297|11:30 - 20:30|매장 내 식사, 테이크 아웃
쇼토|베이커리|6000.0|4.3|111|초코바나나 쇼토|레몬로브|딸기 쇼토|샤인머스켓 쇼토|서울 강남구 압구정로18길 14-6 1층|0507-1324-3625|12:00 - 21:00|주차, 포장, 무선 인터넷
수린|소고기구이|180000.0|4.2|32|수린코스|none|none|none| 서울 강남구 언주로164길 24 3층 (지번) 신사동 649-7 |02-515-9220|17:30 - 22:00|단체석, 발렛파킹, 예약, 무선 인터넷, 남/녀 화장실 구분, 국민지원금
수퍼판|퓨전음식|22000.0|3.9|49|서리태 마스카포네 치즈|서리태마스카포네,레이즌버터,마리나또|시래기 페스토 구운두부|문어아보카도| 서울 강남구 논현로167길 15 휴에프빌딩 2층 (지번) 신사동 570-3 |02-515-3848|12:00 - 21:30|주차, 발렛파킹, 포장, 예약, 무선 인터넷, 국민지원금
순정족발 신사본점|족발,보쌈|39000.0|4.4|6|막국수,주먹밥세트||족발/보쌈세트(소)|반반족발(대)| 서울 강남구 강남대로154길 25 1층 (지번) 신사동 511-11 |0507-1476-8257|16:30 - 04:30|포장, 배달, 예약, 무선 인터넷, 남/녀 화장실 구분, 지역화폐(카드형), 제로페이, 국민지원금
쉐이크쉑 청담점|햄버거|6725.0|3.6|262|쉑버거|프라이|쉐이크|스모크쉑|서울 강남구 도산대로 327 (신사동) 1층|02-510-5217|10:30 - 23:00|"전지적참견시점 162회, 21.07.17.
2021년 7월 17일
 햄버거
펼쳐보기"
슈바빙|맥주,호프|27000.0|4.2|44|슈바빙 플레이트|페퍼로니 피자|치킨 플레이트|하몽 멜론 플레이트| 서울 강남구 압구정로48길 34 (지번) 신사동 642-15 |02-545-7417|15:00 - 24:00|단체석, 발렛파킹, 무선 인터넷, 남/녀 화장실 구분
슈퍼커피 압구정로데오점|카페|4900.0|5.0|16|에스프레소|아메리카노|카페라떼|카푸치노| 서울 강남구 선릉로157길 23 (지번) 신사동 657-19 |02-516-0858|08:00 - 23:00|포장, 배달, 국민지원금
스시류코|일식당|110000.0|4.3|41|점심 오마카세|저녁 오마카세|none|none| 서울 강남구 도산대로49길 6-10 1층 (지번) 신사동 652-11 |02-543-7477|12:00 - 22:00|주차, 포장, 예약, 국민지원금
스시사카우|초밥,롤|79500.0|4.5|94|런치 스시오마카세|디너 스시오마카세|none|none|서울 강남구 언주로153길 10-6 지하 1층|0507-1330-2554|12:00 - 21:00|예약, 무선 인터넷, 남/녀 화장실 구분
스시선수|일식당|65000.0|4.5|92|점심 스시세트|점심 사시미세트|점심 지라시스시세트|점심 도미조림|서울 강남구 도산대로45길 6 호림아트센터 2빌딩|02-514-0812|10:00 - 22:00|단체석, 주차, 포장, 예약, 무선 인터넷, 남/녀 화장실 구분
스시시미즈|초밥,롤|100000.0|3.4|74|런치 오마카세|디너 오마카세|none|none| 서울 강남구 언주로152길 11-3 지하1층 (지번) 신사동 631-18 |0507-1431-0887|12:00 - 21:30|단체석, 발렛파킹, 예약
스시에비스|초밥,롤|78000.0|3.6|48|런치 오마카세|디너 스시 오마카세|런치 룸 스시코스|런치 룸 오마카세| 서울 강남구 압구정로28길 22 1층 103호 (지번) 신사동 577-7 |02-6012-0045|12:00 - 22:00|단체석, 주차, 포장, 예약, 무선 인터넷, 남/녀 화장실 구분, 국민지원금
스시우찌|초밥,롤|18000.0|4.2|19|특선스시 12ps|연어스시 10ps|스페셜스시 12ps|vip스시 14ps| 서울 강남구 압구정로46길 5-6 압구정로데오스타 1층 106호 (지번) 신사동 660-17 |0507-1439-6999|11:30 - 22:00|주차, 포장, 배달, 예약, 남/녀 화장실 구분, 제로페이, 국민지원금
스시유키|초밥,롤|105000.0|3.3|27|런치 카운터 오마카세|디너 카운터 오마카세|런치 룸 오마카세|런치 프라이빗룸 오마카세|서울 강남구 논현로164길 25|0507-1401-2534|12:00 - 22:00|단체석, 주차, 발렛파킹, 예약, 무선 인터넷, 남/녀 화장실 구분
스시 이토|초밥,롤|150000.0|3.7|115|런치 오마카세 1인|디너 오마카세 1인|none|none|서울 강남구 선릉로153길 22 JLJ빌딩 4층|02-543-2425|12:00 - 14:00|단체석, 발렛파킹, 예약, 무선 인터넷, 남/녀 화장실 구분
스시인|초밥,롤|190000.0|3.6|84|스시 오마카세 1인|사시미 오마카세 1인|점심 특선 스시 오마카세|none| 서울 강남구 압구정로42길 49 3층 (지번) 신사동 645-28 |02-543-7636|17:00 - 22:00|발렛파킹, 예약
스시카이세이|초밥,롤|150000.0|3.6|68|런치 오마카세|디너 오마카세|none|none| 서울 강남구 언주로170길 8 1층 (지번) 신사동 635-8 |02-515-2700|11:30 - 22:30|단체석, 주차, 발렛파킹, 포장, 예약, 무선 인터넷, 남/녀 화장실 구분
스시코마츠|초밥,롤|150000.0|2.9|32|런치 오마카세|디너 오마카세|none|none| 서울 강남구 언주로165길 7-10 (지번) 신사동 624-19 |02-515-1177|11:30 - 22:30|단체석, 주차, 발렛파킹, 포장, 예약, 무선 인터넷
스시킨|일식당|90000.0|4.5|5|점심 정식A|점심 정식 B|특스시(생선초밥코스/점심메뉴)|오마카세(조리장 추천코스)| 서울 강남구 선릉로161길 6 (지번) 신사동 664-3 |02-518-2057|11:30 - 22:00|매장 내 식사, 배달이 안됨
스쿠로|이탈리아 요리|22000.0|4.1|32|탈리아텔레 알 라구 볼로네제|스파게티 콘 모르타델라|라자냐 데 카르네|스파게티 알리오 에 올리오| 서울 강남구 도산대로17길 31 (지번) 신사동 544-21 |02-511-1731|18:00 - 11:00|매장 내 식사, 배달이 안됨
스킬렛 스테이크하우스|스테이크,립|90667.0|3.4|244|티본스테이크(국내산 500g)|티본스테이크(국내산 1000g)|채끝스테이크(국내산 300g)|none|서울 강남구 논현로161길 57|0507-1417-6060|11:30 - 22:00|단체석, 예약, 무선 인터넷, 남/녀 화장실 구분
스타벅스 가로수길점|카페,디저트|7000.0|2.8|16|카페 아메리카노|카페 드로잉 말차라떼|무화과 햄 바게트 샌드위치|한입에 쏙 고구마| 서울 강남구 논현로175길 94 임도빌딩 1층 (지번) 신사동 529-10 |1522-3232|11:30 - 22:30|매장 내 식사 · 테이크아웃
스타벅스 신사가로수점|카페,디저트|7000.0|4.1|16|카페 아메리카노|카페 드로잉 말차라떼|무화과 햄 바게트 샌드위치|한입에 쏙 고구마| 서울 강남구 가로수길 59 (지번) 신사동 533-11 |1522-3232|11:30 - 22:30|매장 내 식사 · 테이크아웃
스타벅스 신압구정점|카페,디저트|7000.0|3.0|10|카페 아메리카노|카페 드로잉 말차라떼|무화과 햄 바게트 샌드위치|한입에 쏙 고구마| 서울 강남구 언주로174길 29 (지번) 신사동 639-7 |1522-3232|11:30 - 22:30|매장 내 식사 · 테이크아웃
스타벅스 압구정|카페,디저트|7000.0|3.7|10|카페 아메리카노|카페 드로잉 말차라떼|무화과 햄 바게트 샌드위치|한입에 쏙 고구마| 서울 강남구 압구정로30길 17 (지번) 신사동 609 |1522-3232|11:30 - 22:30|매장 내 식사 · 테이크아웃
스타벅스 압구정R점|카페,디저트|7000.0|4.6|20|카페 아메리카노|카페 드로잉 말차라떼|무화과 햄 바게트 샌드위치|한입에 쏙 고구마| 서울 강남구 언주로 861 (지번) 신사동 621-1 |1522-3232|11:30 - 22:30|매장 내 식사 · 테이크아웃
스타벅스 압구정미소점|카페,디저트|7000.0|4.1|13|카페 아메리카노|카페 드로잉 말차라떼|무화과 햄 바게트 샌드위치|한입에 쏙 고구마| 서울 강남구 논현로 841 1층 (지번) 신사동 583-3 |1522-3232|11:30 - 22:30|매장 내 식사 · 테이크아웃
스타벅스 압구정역점|카페,디저트|7000.0|3.9|17|카페 아메리카노|카페 드로잉 말차라떼|무화과 햄 바게트 샌드위치|한입에 쏙 고구마| 서울 강남구 압구정로 170 관영빌딩 지하1층, 1층 (지번) 신사동 580-2 |1522-3232|07:00 - 21:00|매장 내 식사 · 테이크아웃
스튜부대|한식|10500.0|4.0|197|오리지널 스튜부대|토마토 스튜부대|로제 스튜부대|직화 제육볶음| 서울 강남구 선릉로155길 16 1층 (지번) 신사동 657-34 |0507-1311-4381|11:30 - 22:30|단체석, 발렛파킹, 포장, 남/녀 화장실 구분, 국민지원금
스페인클럽 가로수본점|스페인음식|24750.0||32|Paella De Mariscos 빠에야|Jamon Iberico Bellota De Jabugo|Calamares Fritos Con Tinta 오징어튀김|Gambas Al Ajillo 마늘새우냄비요리|서울 강남구 압구정로10길 26|0507-1496-1191|12:00 - 23:00|단체석, 주차, 발렛파킹, 포장, 배달, 예약, 반려동물 동반, 남/녀 화장실 구분, 제로페이, 국민지원금
스폰티니 신사가로수길점|피자|9200.0|3.3|3|마르게리따 피자|더블치즈 마르게리따 피자|스폰티니 1953 피자|프로슈토 피자| 서울 강남구 가로수길 83 (지번) 신사동 530-4 |0507-1387-6648|11:00 - 22:00|포장, 배달
시골밥상 압구정점|백반,가정식|10000.0|2.1|41|갈치조림정식|시골밥상|불고기|돈목살구이| 서울 강남구 논현로175길 68 (지번) 신사동 549-9 |02-546-1567|11:30 - 22:30|주차, 매장 내 식사
시추안하우스 압구정점|중식당|41750.0|3.4|84|마라 곱창 전골|해산물 마라 샹궈|마라 소고기 전골|라즈지 (순살)|서울 강남구 논현로 854 안다즈 호텔 지하 1층|02-511-1162|11:30 - 22:00|단체석, 주차, 발렛파킹, 포장, 예약, 남/녀 화장실 구분, 장애인 편의시설
식물학|카페|6375.0|3.6|183|오렌지 블라썸|베르가못 아이스티|메리골드|차이티 라떼|서울 강남구 강남대로154길 33 1층 카페 식물학|070-4118-4010|10:00 - 22:00|단체석, 포장, 배달, 무선 인터넷, 반려동물 동반, 남/녀 화장실 구분, 국민지원금
식부관|베이커리|8000.0|3.6|49|트러플|멜팅치즈샌드위치|콘치즈샌드위치|에그샌드위치| 서울 강남구 도산대로49길 36 (지번) 신사동 656-24 |0507-1318-3032|10:00 - 19:00|포장, 예약, 제로페이, 국민지원금
신미식당|한식|21250.0|3.7|52|생삼겹살(200g)|생목살(200g)|감자탕 대|된장찌개 김치찌개 순두부|서울 강남구 압구정로 214 현대종합상가빌딩 1층|02-516-4900|11:00 - 22:00|단체석, 국민지원금
신사동가자|한식|39000.0|4.1|154|고기한상 2인|도끼떡갈비|쭈삼한상|갈비한상| 서울 강남구 압구정로10길 30-5 지층 (지번) 신사동 524-20 |0507-1329-6857안내|11:30 - 22:30|단체석, 주차, 발렛파킹, 예약, 무선 인터넷, 국민지원금
신사 모소리|육류,고기요리|13500.0|4.6|172|모소리살|가오리살|가로막살|껍데기|서울 강남구 도산대로1길 24|0507-1318-0542|17:00 - 23:00|주차, 발렛파킹, 포장, 배달, 예약, 무선 인터넷, 남/녀 화장실 구분, 국민지원금
신사소곱창 신사본점|곱창, 막창, 양|21150.0|3.2|124|소곱창|모듬곱창|소대창|소막창| 서울 강남구 압구정로2길 62 (지번) 신사동 512-10 |0507-1358-9931|16:00 - 24:00|포장, 무선 인터넷, 남/녀 화장실 구분, 국민지원금
신사양꼬치 가로수길본점|양고기 바비큐 전문점|18000.0|3.9|18|신사양꼬치|생양꼬치|사천양꼬치|양갈비살꼬치| 서울 강남구 강남대로152길 33 2층 (지번) 신사동 515-10 |02-545-0216|11:30 - 22:30|매장 내 식사 · 테이크아웃
신사연어|이자카야|28000.0|3.5|78|연어 사시미 중|연어사시미 대|연어 사워크림 샐러드|연어 타다키| 서울 강남구 압구정로2길 60 MG타워 2층 (지번) 신사동 512-9 |0507-1355-5701|16:30 - 24:00|단체석, 주차, 포장, 배달, 예약, 무선 인터넷, 반려동물 동반, 남/녀 화장실 구분, 국민지원금
신사전|전,빈대떡|22750.0|3.9|136|벌집꿀|모듬전(소)|모듬전(중)|치즈감자전|서울 강남구 도산대로11길 18 신사전|02-3443-9991|11:00 - 24:00|단체석, 발렛파킹, 포장, 예약, 남/녀 화장실 구분
신사쭈꾸미|주꾸미요리|11000.0|2.9|37|주꾸미 양념구이|주꾸미볶음|주꾸미 소금구이|주꾸미데침| 서울 강남구 도산대로37길 12 (지번) 신사동 628-41 |02-541-0577|11:00 - 02:00|주차, 포장, 예약, 무선 인터넷, 국민지원금
심양 청담본점|양꼬치|22500.0|3.1|76|데리야끼 양꼬치|꿔바로우|오리지널 양꼬치|모듬꼬치|서울 강남구 선릉로161길 21 1층, 심양 청담본점|02-545-9211|17:30 - 새벽 02:00|발렛파킹, 예약, 국민지원금
심퍼티쿠시 가로수길점|와인|18000.0|4.8|107|고추오일 명란크림 파스타|항정살 구이 곤드레 리조또|볏짚 숙성 오리 가슴살 스테이크|단호박 스프|서울 강남구 강남대로154길 16 1층 101호|0507-1330-2031|12:00 - 24:00|포장, 배달, 예약, 무선 인터넷, 제로페이, 국민지원금
써브웨이 압구정역점|샌드위치|8500.0|2.7|11|이탈리안 비엠티|에그마요|스테이크 & 치즈|써브웨이 클럽| 서울 강남구 압구정로28길 13 (지번) 신사동 581-8 |0507-1433-1048안내|08:00 - 23:00|국민지원금
아가젤라또|아이스크림|17000.0|4.4|4|1인 젤라또(컵)|포장(미듐)-세가지맛|포장(라지)-네가지맛|none|서울 강남구 논현로155길 11 1층|0507-1398-2885|12:00 - 22:00|포장, 예약, 무선 인터넷, 반려동물 동반, 국민지원금
아베크 청담|양식|27250.0|3.0|155|(브런치)로스트 치킨 플레터|독도 새우 버거|(브런치)가지 샥슈카|백김치 볶음밥|서울 강남구 선릉로 823 1층|0507-1368-5129|11:30 - 02:00|단체석, 발렛파킹, 예약, 무선 인터넷, 남/녀 화장실 구분
아우어베이커리 가로수길점|베이커리|4550.0|4.0|589|아메리카노|더티초코|에스프레소|플랫화이트|서울 강남구 강남대로162길 39|02-546-3800|10:00 - 21:30|단체석, 발렛파킹, 포장, 무선 인터넷, 남/녀 화장실 구분
아우어베이커리 도산본점|베이커리|4825.0|3.4|272|더티초코|빨미까레|바닐라더블|그린티더블|서울 강남구 도산대로45길 10-11 JYC2빌딩|02-545-5556|09:00 - 21:00|발렛파킹, 포장, 무선 인터넷, 남/녀 화장실 구분
아우어베이커리 압구정소망점|베이커리|4900.0|4.4|54|아메리카노|더티초코|바닐라더블|앙버터| 서울 강남구 언주로167길 21 1층 (지번) 신사동 607-5 |070-7733-7055|10:00 - 20:00|포장, 무선 인터넷
immute|카페,디저트|5500.0|4.4|76|SIGNATURE|BLACK|WHITE|TEA| 서울 강남구 논현로157길 36 1층 (지번) 신사동 553-20 |0507-1350-5942|12:00 - 22:00|국민지원금
아티제 도산로점|카페||3.7|28|에스프레소 음료|화이트롤 시리즈|쉬폰 케이크 시리즈|브레드| 서울 강남구 도산대로45길 6 호림아트센터 1층 (지번) 신사동 651-23 |02-546-1790|11:30 - 22:30|매장 내 식사, 테이크 아웃
안동국시|국수|17750.0|3.4|19|안동국수|건진국시|수육 (소)|메밀묵 소|서울 강남구 언주로167길 46 제일빌딩 2층|02-548-4986|11:30 - 22:00|단체석
안식 레스토랑|한식|80000.0|4.7|53|런치 비스포크 코스|디너 비스코스 코스|세상의 모든 버섯셀러드|청담공주 묵떡볶이| 서울 강남구 도산대로53길 13 1층 (지번) 신사동 654-10 |0507-1370-7861|11:30 - 21:40|단체석, 주차, 발렛파킹, 포장, 배달, 예약, 무선 인터넷, 남/녀 화장실 구분
압구정 곱창|곱창,막창,양|28500.0|4.0|138|한우곱창구이|한우막창구이|한우대창구이|특양구이|서울 강남구 압구정로42길 25-8|0507-1484-0054|12:00 - 22:00|단체석, 포장, 무선 인터넷
압구정곱창 2호점|곱창,막창,양|28000.0|4.0|27|한우곱창구이|한우막창구이|한우대창구이|특양구이| 서울 강남구 도산대로51길 33 (지번) 신사동 656-6 |0507-1385-3312|17:00 - 22:00|단체석, 발렛파킹, 예약, 무선 인터넷, 남/녀 화장실 구분, 국민지원금
압구정공주떡|카페 / 디저트|27750.0|3.9|354|흑임자 인절미|흑임자 인절비 (1되)|쑥송편 (5알)|쑥개떡| 서울 강남구 논현로161길 10 1층 (지번) 신사동 569-31 |02-516-3643|00:00 - 24:00|주차, 포장, 배달, 방문접수/출장, 예약
압구정면옥|한식|25750.0|4.1|99|평양냉면|압구정 손만두 한접시(6pcs)|한우 어복쟁반|평양냉면 프리미엄|서울 강남구 압구정로30길 16|02-516-3016|11:00 - 21:30|단체석, 주차, 발렛파킹, 포장, 배달, 예약, 무선 인터넷, 남/녀 화장실 구분, 국민지원금
압구정제주집|육류,고기요리|40250.0|4.3|62|한라산세트|성산일출봉 세트|LA갈비|흑돼지삼겹살|서울 강남구 논현로152길 36 1층|02-514-5882|11:00 - 새벽 01:00|단체석, 주차, 발렛파킹, 포장, 예약, 무선 인터넷, 반려동물 동반, 남/녀 화장실 구분, 지역화폐(모바일형), 제로페이, 국민지원금
압구정진주|한식|42000.0|3.5|62|진주삼겹살 (150g이상)|진주가브리살(150g이상)|진주항정살(150g)|진주모듬 (600g이상)| 서울 강남구 압구정로46길 5-10 1층 101, 102호 (지번) 신사동 660-16 |0507-1437-8790|15:00 - 23:00|주차, 발렛파킹
압구정하루|일식당|8875.0|4.1|203|돈가스|냉모밀|판모밀|비빔모밀|서울 강남구 언주로172길 56|02-514-5557|11:30 - 22:00|주차, 포장, 무선 인터넷, 남/녀 화장실 구분, 장애인 편의시설, 국민지원금
앙스모멍|양식|82250.0|3.7|5|디너시그니처 코스|디너코스|런치코스|런치시그니처코스| 서울 강남구 언주로153길 12 태경빌딩 1층 (지번) 신사동 626-70 |02-3448-4352|11:30 - 22:00|단체석, 발렛파킹, 예약, 무선 인터넷, 남/녀 화장실 구분, 장애인 편의시설
애월식당 압구정점|육류, 고기요리|34000.0|4.4|14|제주 오겹살 180g|제주 목살 180g|제주모듬 600g|흑오겹살 180g| 서울 강남구 도산대로51길 33 1층 (지번) 신사동 656-6 |0507-1314-8145|11:30 - 22:30|국민지원금
야사이마끼 쿠이신보|일식당|14475.0|4.1|134|돼지고기 샤브샤브|돼지고기 세이로무시|치킨난방|멘치카츠|서울 강남구 강남대로152길 62 1층 야사이마끼 쿠이신보|010-9498-9215|17:30 - 새벽 02:00|발렛파킹, 무선 인터넷, 남/녀 화장실 구분
야키니쿠규|소고기구이|30000.0|4.5|120|와규 살치살|한우 특상 우설 구이|와규 안심|안창살| 서울 강남구 강남대로 640 (지번) 신사동 503-1 |0507-1432-0058|11:30 - 23:00|단체석, 주차, 발렛파킹, 포장, 배달, 예약, 무선 인터넷, 남/녀 화장실 구분, 지역화폐(지류형), 지역화폐(카드형), 지역화폐(모바일형), 제로페이, 국민지원금
얌타이|태국음식|13000.0|4.29|24|소고기 쌀국수|해물 쌀국수|똠얌 쌀국수|none| 서울 강남구 압구정로54길 26 1층 (지번) 신사동 663-25 |0507-1329-7988|11:30 - 22:00|단체석, 발렛파킹, 포장, 국민지원금
양식당더램키친|육류, 고기요리|24000.0|4.2|45|양갈비|양념 양갈비|양 소금구이|동치미 국수| 서울 강남구 압구정로8길 5 2층 (지번) 신사동 529-6 |02-3445-9283|17:00 - 23:00|단체석, 발렛파킹, 예약
양철지붕|요리주점|18750.0|3.8|17|닭떡볶이|치즈해물떡볶이|치즈통감자|닭똥집통마늘구이|서울 강남구 도산대로17길 4|0507-1404-2833|17:00 - 새벽 04:00|국민지원금
어게인리프레쉬 가로수길점|다이어트,샐러드|11000.0|4.0|62|연어&아보카도|비프|아보카도&리코타|연어| 서울 강남구 논현로153길 57 2층 (지번) 신사동 542-3 |0507-1443-1392|11:30 - 22:30|단체석, 포장, 예약, 무선 인터넷, 남/녀 화장실 구분, 국민지원금
어성일식|일식당|70000.0|4.1|152|주중 런치 스시 오마카세|디너 카운터 사시미 오마카세|주말(공휴일)런치 스시 오마카세|디너 카운터 무제한 오마카세| 서울 강남구 언주로 843 2층 (지번) 신사동 623-1 |0507-1315-6686|12:00 - 22:00|주차, 발렛파킹, 예약, 무선 인터넷, 남/녀 화장실 구분
어썸로즈|양식|39375.0|3.9|368|양송이 스프|Rose Set|Awesome Set|브라운 브레드|서울 강남구 압구정로10길 40 지하1층|0507-1341-0619|11:00 - 22:00|단체석, 주차, 발렛파킹, 포장, 배달, 예약, 무선 인터넷, 반려동물 동반, 제로페이, 국민지원금
UPPERWEST|양식|31000.0|3.4|14|어퍼웨스트 콘비프 해쉬|트러플 만조 크림 페투치니|채끝스테이크와 포르치니 크림리조또|어퍼웨스트 브렉퍼스트| 서울 강남구 도산대로15길 25 1층 (지번) 신사동 542-4 |02-547-7792|11:30 - 22:00|발렛파킹, 포장, 예약, 무선 인터넷, 반려동물 동반, 남/녀 화장실 구분
어썸로즈|양식|39375.0|3.9|368|양송이 스프|Rose Set|Awesome Set|브라운 브레드|서울 강남구 압구정로10길 40 지하1층|0507-1341-0619|11:00 - 22:00|단체석, 주차, 발렛파킹, 포장, 배달, 예약, 무선 인터넷, 반려동물 동반, 제로페이, 국민지원금
에르바|이탈리아음식|23000.0|3.9|91|고등어 파스타|오소부코|닭다리살 샐러드|해산물 샐러드| 서울 강남구 논현로155길 11 동란빌딩 1층 (지번) 신사동 564-3 |0507-1343-6699|11:30 - 22:30|예약, 무선 인터넷, 국민지원금
에이블|카페|17000.0|3.2|44|라코타샐러드|쿼노아 크림 리조또|퀴노아 토마토 리조또 |브로콜리 새우 오일 파스타| 서울 강남구 압구정로14길 12 (지번) 신사동 547-6 |02-3445-7335|11:30 - 16:30|단체석, 포장, 예약, 무선 인터넷
에이커스|다이어트,샐러드|12250.0|2.9|78|클래식 치킨 시저|멕시칸|보그|스파이시555|서울 강남구 도산대로17길 30 에이커스|02-545-7588|11:00 - 22:00|단체석, 발렛파킹, 포장, 배달, 무선 인터넷, 반려동물 동반, 남/녀 화장실 구분
엘이베리코 압구정점|양식|16750.0|3.6|35|이베리코 목살|이베리코 시크릿|이베리코 늑간살|이베리코 황제살|서울 강남구 압구정로28길 22-7|02-3443-6888|16:30 - 23:00|단체석, 주차, 발렛파킹, 예약, 무선 인터넷, 남/녀 화장실 구분
엘피노323|멕시코,남미음식|14967.0|4.2|63|치킨엔칠라다와 살사베르데|카르니타스 타코|까르네 아사다 또르띠아 보울|none|서울 강남구 강남대로 652 (신사스퀘어)205호|0507-1408-6248|11:30 - 21:50|단체석, 포장, 배달, 무선 인터넷, 국민지원금
연타발 압구정본점|곱창|55750.0|4.3|20|특양구이|한우대창구이|한우살치살|한우안심|서울 강남구 도산대로 231|02-545-4248|11:30 - 22:00|단체석, 주차, 발렛파킹, 포장, 배달, 예약, 무선 인터넷, 남/녀 화장실 구분, 국민지원금
연탄공장|육류|18000.0|2.6|40|돼지갈비|소갈비살|삼겹살 목살|항정살|서울 강남구 압구정로48길 36-4|02-514-4082|16:00 - 24:00|매장식사
영양센타|백숙|22000.0|3.4|7|삼계탕|들깨삼계탕|전복삼계탕|통닭구이|서울 강남구 학동로87길 7|0507-1448-9291|10:30 - 22:00|단체석, 발렛파킹, 포장, 예약, 남/녀 화장실 구분, 제로페이, 국민지원금
옛향기가득한 동인동|갈비|8500.0|3.9|28|쭈꾸미정식|버섯매운탕|따로국밥|비빔밥|서울 강남구 강남대로156길 14 정금빌딩 1층|02-516-5765|11:30 - 22:30|주차, 예약가능
오늘와인한잔 신사세로수길점|와인|13567.0|1.5|46|와인 한 잔|감바스 알 아히요|과일 & 치즈 플래터|none|서울 강남구 강남대로156길 40|070-4098-7006|15:00 - 03:00|매장식사
오늘잡은안동갈비 신사점|소고기구이|36675.0|2.3|33|안동갈비|뿔뿔등심|눈꽃스페셜|차돌박이|서울 강남구 도산대로25길 47|02-3445-1144|11:30 - 22:30|단체석, 주차, 발렛파킹, 포장, 예약, 무선 인터넷, 국민지원금
오라방|한식|29000.0|4.2|20|흑돼지 돔베고기 중|흑돼지 돔베고기 대|갈치튀김|고등어구이|서울 강남구 도산대로17길 39 1층|070-4079-0426|18:00 - 24:00|무선 인터넷
오레노유메 가로수길점|일식당|43500.0|3.4|16|오마카세 A set|참다랑어 모리아와세|오레노 특초밥 13p|모듬 꼬치구이|서울 강남구 압구정로2길 59|0507-1313-1241|17:00 - 02:00|단체석, 포장, 예약, 무선 인터넷, 남/녀 화장실 구분, 제로페이
오르비에토|양식|15250.0|4.7|51|토마토 모짜렐라 샐러드|엔초비 갈릭 오일 파스타|봉골레 파스타|새우 관자 오일 파스타|서울 강남구 도산대로19길 20 103호|02-511-7372|11:30 - 21:00|국민지원금
오리지널팬케이크하우스 가로수길점|양식|20500.0|3.5|148|더치베이비|애플 팬케이크|콥 샐러드|그릭 샐러드|서울 강남구 강남대로162길 41 동원빌딩|02-511-7481|09:00 - 21:00|단체석, 주차, 발렛파킹, 포장, 배달, 예약, 무선 인터넷
오미가|한정식|37250.0|2.6|17|오미가 한정식|돌솥밥 한정식|돌솥밥 특 한정식|보리굴비 한정식|서울 강남구 논현로 833 재경빌딩|02-543-1145|12:00 - 22:00|제로페이
오복수산시장 도산공원점|해물|35000.0|2.8|45|완도 전복찜|우니|해산물 우니 고노와다|흰살생선 사시미|서울 강남구 언주로168길 37 2층|02-517-9922|17:00 - 01:00|제로페이, 카카오페이
오븟|이자카야|24250.0|3.7|44|초당 버터콘|초당우니초밥|모듬사시미|스지 떡볶이|서울 강남구 언주로152길 11-5 상복빌딩 2층|02-543-6087|18:00 - 00:30|제로페이
오스테리아 꼬또 압구정점|이탈리아음식|28000.0|3.2|214|꽃갈비 라구 생면 빠빠델레|프레쉬 트러플 노리치아 생면 딸리올리니|버팔로 마르게리타 피자|쿨라텔로 단호박 아르보리오 리조또|서울 강남구 언주로165길 7-12 오스테리아꼬또 압구정점은 고객님들의 편리한 방문을 위하여 발렛파킹 서비스를 제공하고 있습니다. 주차장에 오셔서 직원에게 문의해 주세요|0507-1403-1962|11:30 - 22:00|단체석, 주차, 발렛파킹, 포장, 배달, 예약, 무선 인터넷, 남/녀 화장실 구분, 제로페이, 국민지원금
온기정|일식당|26750.0|3.2|356|메밀소바 세트|메밀소바 정찬|스테키동 온기정찬(2인)|매운토리텐동|서울 강남구 압구정로4길 13-9 1층 온기정|02-545-7940|11:30 - 21:30|단체석, 주차, 발렛파킹, 포장, 배달, 무선 인터넷
온다|이탈리아음식|26500.0|3.9|113|감자뇨끼|부라슈또 피자|크랩 파스타|한우안심스테이크|서울 강남구 강남대로156길 39 1~2F|02-544-5558|11:30 - 22:00|단체석, 발렛파킹, 예약, 무선 인터넷, 남/녀 화장실 구분
온달집 본점|육류,고기요리|12000.0|3.7|246|닭다리살|꼼장어|무뼈닭발|닭똥집|서울 강남구 강남대로152길 28|02-511-5262|17:00 - 새벽 05:00|단체석, 포장, 배달, 무선 인터넷, 남/녀 화장실 구분
온리고|양식|21667.0|4.7|177|숙성 연어사시미 (Salmon Sashimi)|항정살 깻잎 파스타|메뉴판|런치) 숙성 연어정식|서울 강남구 언주로151길 20 웅빌딩 1층 101호|070-8888-2755|11:00 - 22:00|단체석, 주차, 예약, 무선 인터넷, 남/녀 화장실 구분
온천집 스키야키|아시아음식|48000.0|3.7|70|온천집 스키야키 코스(한우2+)|온천집 스키야키 코스(프라임)|된장 샤브샤브(프라임)|커리 샤브샤브(프라임)|서울 강남구 압구정로42길 43 온천집 스키야키|0507-1353-7834|11:30 - 21:30|단체석, 발렛파킹, 예약, 무선 인터넷
와라야끼 쿠이신보|이자카야|25250.0|3.7|50|참치뱃살타타키|참치등살 타타키|참치사시미|도미사시미|서울 강남구 도산대로15길 6 대화빌딩|010-8811-9215|17:30 - 01:00|발렛파킹, 포장, 배달, 국민지원금
와인주막차차 압구정점|와인|30000.0|4.4|28|차육쌈|차돌구이|된장숙성목살|찜삽겹|서울 강남구 압구정로50길 22 2층|02-3443-3309|17:00 - 02:00|단체석, 주차, 발렛파킹, 포장, 예약, 무선 인터넷, 남/녀 화장실 구분, 국민지원금
왕자장어|장어|31500.0|3.9|17|바다장어구이|아나고회|우니|꽃게라면|서울 강남구 언주로164길 35-4|070-4418-2551|15:00 - 22:00|단체석, 발렛파킹, 예약, 무선 인터넷
우가|소고기구이|36750.0|4.1|46|숙성 꽃등심(1++명품등급 100g기준)|숙성 차돌박이(1++명품등급 200g기준)|숙성 양념육회(1++명품등급 200g기준)|토장찌개|서울 강남구 도산대로49길 22 B1|02-6272-2223|12:00 - 22:00|단체석, 주차, 발렛파킹, 예약, 무선 인터넷, 남/녀 화장실 구분
우돈청|육류,고기요리|21500.0|3.5|58|제주오겹살|목항정살|생삼겹살|가브리살|서울 강남구 언주로170길 37|0507-1369-5055|16:00 - 새벽 01:00|단체석, 주차, 발렛파킹, 포장, 예약, 무선 인터넷, 남/녀 화장실 구분, 제로페이, 국민지원금
우림황소양곱창 본점|곱창|17000.0|2.8|131|소곱창면|뚝배기곱창전골|모둠구이 1인분|막창구이 1인분|서울 강남구 강남대로156길 28|02-561-7792|11:30 - 23:00|국민지원금
우미학|육류,고기요리|47500.0|3.7|94|우미학 맡김차림 코스|등심|차돌박이 영양부추무침|치즈구이|서울 강남구 압구정로30길 51|0507-1404-2213|11:30 - 22:00|단체석, 주차, 발렛파킹, 포장, 배달, 예약, 무선 인터넷, 남/녀 화장실 구분, 제로페이, 국민지원금
우시야 본점|소고기구이|79000.0|4.2|70|우시야코스A [1인]|우시야코스B [1인]|우시야코스C [1인]|none|서울 강남구 도산대로27길 16 1층 우시야|010-9359-9667|17:00 - 23:00|예약, 무선 인터넷, 국민지원금
우오하나|이자카야|27750.0|4.4|155|제철 사시미 모리아와세|차돌박이 탄탄나베|쿠로고마 가라아게|모찌리도후|서울 강남구 압구정로2길 29|010-7569-1487|17:30 - 01:30|단체석, 주차, 발렛파킹, 예약, 무선 인터넷, 남/녀 화장실 구분, 국민지원금
우와|일식당|17500.0|3.7|49|클래식 오코노미야키&야키소바|철판 꽃갈비살 100g|토마토 오코노미야키& 시오 야키소바|하야시 오코노미야키& 바질 야키소바|서울 강남구 강남대로158길 17 1층|070-8833-7336|12:00 - 22:00|단체석, 예약, 무선 인터넷, 남/녀 화장실 구분, 국민지원금
우유니아이스크림|아이스크림|10200.0|3.5|16|아이스크림 1스쿱|아이스크림 1.5스쿱|아이스크림 3스쿱|아이스크림 4.5스쿱|서울특별시 강남구 신사동 529-6|02-546-0000|10:00 - 22:30|매장식사
우찌노카레 압구정점|카레|7500.0|3.8|4|일본카레|none|none|none|서울 강남구 선릉로161길 15-3|02-518-0908|11:00 - 21:00|국민지원금
우텐더|소고기구이|66000.0|3.7|53|한우1++ 특안심 150g|우텐더카츠샌드|한우1++ 안심 150g|한우1++ 채끝 150g|서울 강남구 압구정로42길 25-10 1층 2층|0507-1419-8588|11:30 - 22:30|단체석, 주차, 발렛파킹, 포장, 예약, 무선 인터넷
웍셔너리|중식당|15800.0|3.8|205|차오미엔|갈릭 프라이드 라이스|오렌지 치킨|몽골리안 비프|서울 강남구 도산대로53길 12|0507-1367-9878|11:30 - 21:00|발렛파킹, 포장, 배달, 무선 인터넷
원조신사양곱창|곱창|22000.0|4.8|88|특양구이|소곱창구이|막창구이|대창구이|서울 강남구 압구정로2길 46 강남상가아파트|02-545-3101|17:00 - 02:00|단체석, 포장, 예약, 남/녀 화장실 구분
웨이크앤베이크 청담|브런치|11250.0|3.8|206|Soup (스프)|Jambon Beurre|Basil Rucola Jambon|Mortadella Croissant|서울 강남구 압구정로42길 47|070-8835-3565|11:00 - 22:00|단체석, 발렛파킹, 포장, 배달, 예약, 무선 인터넷, 반려동물 동반, 남/녀 화장실 구분
웻커피 신사점|카페|5125.0|3.4|187|Espresso|Americano|Latte|Flat White|서울 강남구 강남대로162길 18 1층|0507-1329-5073|12:00 - 21:00|포장, 무선 인터넷, 반려동물 동반
유노추보|일식당|23750.0|3.1|152|돈꼬츠 라멘|우니밥|전복물회|부추라멘|서울 강남구 압구정로10길 36 영진빌딩 1층|02-545-2811|11:30 - 22:00|예약가능, 배달가능, 포장가능
유쾌한접시 신사본점|육류|23250.0|4.4|21|육회한접시|육사시미(대)|사시미(소)|소고기튀김|서울 강남구 강남대로152길 70|0507-1447-0029|11:30 - 01:00|주차, 포장, 배달, 예약
육갑식당 압구정신사직영점|육류|19500.0|5.0|4|알치마살|등심|이베리코목살|이베리콕곷돼지|서울 강남구 압구정로18길 32 1층|02-518-9292|17:00 - 02:00|제로페이
은행골 신사점|초밥,롤|20000.0|4.0|378|특상초밥|특선초밥|특미초밥|도로초밥|서울 강남구 강남대로152길 42 2층|02-3444-4988|11:00 - 22:30|단체석, 발렛파킹, 포장, 예약, 국민지원금
을지다락 가로수길|이탈리아음식|15750.0|4.5|199|다락오므라이스|매콤크림파스타|가츠산도|찹목살스테이크|서울 강남구 압구정로10길 29 신성빌딩 2층|0507-1437-9034|11:30 - 21:10|단체석, 포장, 배달, 예약, 무선 인터넷, 제로페이
을지다락 도산공원|이탈리아음식|15750.0|4.1|264|다락오므라이스|매콤크림파스타|가츠산도|찹목살스테이크|서울 강남구 언주로168길 25 2층|0507-1358-9197|11:30 - 21:10|단체석, 주차, 발렛파킹, 포장, 배달, 예약, 무선 인터넷, 제로페이, 국민지원금
이끼롤까스 가로수길점|돈가스|14500.0|3.2|184|치킨치즈롤까스|고구마치즈돈까스|카레치즈롤까스|날치알치즈롤까스|서울 강남구 강남대로156길 35|0507-1403-3347|11:30 - 21:20|주차, 포장, 예약, 무선 인터넷
이마스시|일식당|49500.0||12|점심/주말저녁 정식A|점심/주말저녁 정식B|점심/주말저녁 정식C|점심/주말저녁 정식D|서울 강남구 논현로168길 22 계진빌딩 1층|0507-1448-7826|11:00 - 22:00|단체석, 주차, 발렛파킹, 포장, 배달, 방문접수/출장, 예약, 무선 인터넷, 남/녀 화장실 구분, 장애인 편의시설
이비티|양식|10250.0|3.9|2|화이트 엔초비,파프리카|트러플 버터,프로슈토|올리브 타프나트,부라따 치즈|생참치,오이,레디쉬,그린오일|서울 강남구 논현로157길 55 지하1층|0507-1305-4100|12:00 - 23:00|예약가능, 배달불가, 포장불가
이속우화천공|고기 요리|69625.0|3.8|147|한우 맡김차림|우대갈비 오마카세|등심 (100g)|안심 (100g)| 서울 강남구 논현로 857 A857 6층 (지번) 신사동 582-12 |02-540-7774|17:30 - 21:00|주차, 발렛파킹, 예약, 무선 인터넷, 남/녀 화장실 구분
이즈미 압구정본점|일식당|115000.0|4.0|4|모듬사시미|특모듬사시미|초밥|특초밥|서울 강남구 언주로 857|02-542-7171|11:30 - 22:30|단체석, 주차, 발렛파킹, 포장, 예약, 남/녀 화장실 구분
이치에|일식당|37250.0|3.7|132|사시미모리아와세(모둠생선회)|혼마구로|아나고텐푸라(바다장어튀김)|멘치카츠|서울 강남구 선릉로155길 23-3 2층|070-4273-4087|18:00 - 24:00|단체석, 주차, 발렛파킹, 예약, 무선 인터넷, 남/녀 화장실 구분
이코복스커피 가로수길점|카페|5900.0|3.2|23|아메리카노|카푸치노|카페라떼 / 바닐라라떼|카페모카|서울 강남구 압구정로10길 37|02-545-2010|09:00 - 22:00|국민지원금
이코복스커피 압구정점|카페|5900.0|2.6|26|아메리카노|카푸치노|카페라떼|카페모카|서울 강남구 논현로175길 6 1층 이코복스커피|02-540-8455|08:30 - 22:00|단체석, 포장, 배달, 무선 인터넷, 남/녀 화장실 구분, 제로페이, 국민지원금
인딕슬로우|인도음식|16625.0|4.4|156|브런치 탈리|탄두리치킨플레터|연어&아보카도 샐러드|버터치킨마크니|서울 강남구 압구정로4길 13|02-511-0139|11:30 - 21:30|발렛파킹, 포장, 배달, 예약, 무선 인터넷, 반려동물 동반, 지역화폐(카드형), 지역화폐(모바일형), 제로페이, 국민지원금
인사동촌|요리주점|25000.0|2.0|26|닭볶음탕|닭한마리|낙지모시 조개탕|부산돼지 수육|서울 강남구 강남대로152길 29|02-511-3151|17:30 - 05:00|단체석, 국민지원금
일도씨곱창 신사점|곱창|13750.0|3.3|35|야채곱창|통마늘알곱창|치즈곱창|일도씨특제닭갈비|서울 강남구 도산대로17길 8|02-514-2797|11:30 - 23:30|주차, 발렛파킹, 포장, 배달, 예약, 국민지원금
일무레또|이탈리아음식|36500.0|4.2|21|POLPO|TAGLIATELLE AL RAGU'|BISTECCA AI FUNGHI|FONDUTA & TARTUFO|서울 강남구 논현로157길 33 1층|0507-1474-0425|17:30 - 22:00|단체석, 주차, 발렛파킹, 예약, 무선 인터넷, 남/녀 화장실 구분
일일향 압구정1호점|중식당|26875.0|2.9|114|짜장면|황비홍깐풍기|유린기|찹쌀탕수육 (꿔바로우)|서울 강남구 논현로168길 30|0507-1347-6154|11:30 - 21:30|단체석, 주차, 발렛파킹, 포장, 예약, 남/녀 화장실 구분, 국민지원금
임프레션|양식|0.0|4.5|77|런치 테이스팅 코스 메뉴|디너 테이스팅 코스 메뉴|none|none|서울 강남구 언주로164길 24 5층|02-6925-5522|12:00 - 22:00|발렛파킹, 남/녀 화장실 구분
있을 재|양식|68500.0|3.8|151|주말런치코스|주말디너코스|바삭한 감자 뇨끼|따야린|서울 강남구 언주로168길 19 1층|02-547-0606|12:00 - 22:30|발렛파킹, 포장, 배달, 예약, 남/녀 화장실 구분
자매의부엌|이탈리아음식|40000.0|3.5|18|라자냐|감바스|채끝아스파라거스|그릴드 문어|서울 강남구 압구정로10길 40|0507-1373-6769|11:00 - 22:00|단체석, 주차, 발렛파킹, 포장, 배달, 예약, 무선 인터넷, 반려동물 동반, 남/녀 화장실 구분, 국민지원금
잠수교집 5호점|한식|11750.0|3.3|154|생삼겹살 1인분(160g)|급랭삼겹살 1인분(160g)|시골청국장|얼큰순두부|서울 강남구 언주로153길 14|02-543-0434|11:30 - 22:00|국민지원금
장다리곱창|곱창,막창,양|24500.0|4.4|152|조소곱창|모둠구이|극내산 특양|곱창전골|서울 강남구 압구정로46길 5-14 지상1층|0507-1403-7286|17:00 - 새벽 05:00|단체석, 발렛파킹, 예약, 남/녀 화장실 구분, 제로페이, 국민지원금
장사랑|한식|16250.0|3.8|34|바싹불고기정식|고등어구이|보리굴비|간장게장|서울시 강남구 신사동 624-47 B1F|02-546-9994|11:00 - 21:00|국민지원금
장 스테이크|스테이크,립|47667.0|4.3|28|런치 스테이크 코스|한우 테이스팅 코스|와인 콜키지 (1glass)|none|서울 강남구 압구정로 314 5층|0507-1401-9621|12:00 - 22:00|단체석, 발렛파킹, 예약, 무선 인터넷, 남/녀 화장실 구분
잭슨피자 압구정점|피자|8525.0|4.2|143|파이브 치즈|페퍼로니 딜라이트|하와이안|아메리칸 스피리트|서울 강남구 압구정로 144 107호|02-512-0717|11:00 - 22:00|포장, 배달, 무선 인터넷, 남/녀 화장실 구분, 제로페이, 국민지원금
저스트스테이크|스테이크|17275.0|3.2|29|T-Bone Steak|L-Bone steak|그릴에 구운 야채|볼로네제|서울 강남구 언주로152길 11-7|02-544-9357|11:30 - 22:00|단체석
정돈프리미엄 신사점|돈가스|21000.0|3.9|215|로스카츠 (220g)|히레카츠 (220g)|로스+히레 카츠|상로스카츠 (270~280g)|서울 강남구 강남대로160길 28|0507-1322-0924|11:30 - 22:00|단체석, 발렛파킹, 포장, 배달, 무선 인터넷, 남/녀 화장실 구분, 국민지원금
정성담 압구정점|갈비탕|36750.0|4.7|34|왕생갈비|소양념갈비|정성담 갈비탕|돼지갈비|서울 강남구 언주로173길 8 강산 빌딩|02-543-3500|10:30 - 22:00|단체석, 주차, 발렛파킹, 포장, 배달, 예약, 남/녀 화장실 구분
제이앤제이슨 X|바(BAR)|20500.0|3.4|83|Young Wild & Free|Boss B*tch|16 Shots|Hot Girl Summer|서울 강남구 도산대로49길 31 지하 1층|010-7430-7053|21:00 - 새벽 05:00|단체석, 예약, 남/녀 화장실 구분
제일양 압구정로데오점|양꼬치|17500.0|4.4|19|훠궈정식|양꼬치|양갈비|소갈비살|서울 강남구 압구정로46길 25|02-6396-2226|15:00 - 02:00|단체석, 예약, 국민지원금
족황상제 압구정로데오점|족황상제|39500.0|4.3|99|불맛가득 직화양념 족발 중|불맛가득 직화양념 족발 대|새콤달콤 냉채 족발 중|새콤달콤 냉채 족발 대|서울 강남구 도산대로51길 40|02-516-1982|17:00 - 23:30|단체석, 발렛파킹, 포장, 배달, 예약, 무선 인터넷, 남/녀 화장실 구분
주몽|중식당|8500.0|2.4|4|홍합짬뽕|볶음짱뽕|옛날짬뽕|삼선짬뽕|서울 강남구 도산대로53길 20|02-544-9779|11:00 - 22:00|단체석, 주차, 발렛파킹, 포장, 배달, 방문접수/출장, 예약, 무선 인터넷, 남/녀 화장실 구분, 장애인 편의시설, 국민지원금
지구당 신사점|덮밥|6725.0|3.4|31|규동|텐동|카레라이스|카츠카레|서울 강남구 압구정로14길 32|02-542-3817|11:30 - 20:30|포장, 무선 인터넷, 국민지원금
Ginos NY Pizza 압구정점|피자|15000.0|4.0|47|반반 피자|지노스 윙|라자냐|Appetizers|서울 강남구 선릉로155길 15 1층 지노스피자|0507-1422-2234|11:30 - 22:00|단체석, 발렛파킹, 포장, 배달, 예약, 무선 인터넷, 반려동물 동반, 남/녀 화장실 구분
지아니스나폴리 가로수길점|이탈리아음식|17000.0|4.0|76|감베리 크레마|마르게리따 디 피오디라떼|인살라타 메디테라네오|프로시다 나폴리|서울 강남구 도산대로15길 15 2층|02-3416-0316|11:30 - 22:00|단체석, 주차, 발렛파킹, 포장, 예약, 무선 인터넷, 국민지원금
지유가오카핫쵸메 압구정로데오점|케이크전문|42000.0|4.8|21|아키 케이크|시로이 케이크|말차시로이 케이크|까망베르 치즈 케이크|서울 강남구 압구정로50길 7 정동상가 102호|0507-1446-2238|12:00 - 21:00|발렛파킹, 포장, 예약, 무선 인터넷, 반려동물 동반, 국민지원금
쮸즈|딤섬,중식만두|6250.0|3.7|426|소룡포|딴딴면|새우춘권|완탕면|서울 강남구 도산대로17길 13|02-6081-9888|11:30 - 21:00|발렛파킹
창고43 압구정점|소고기구이|58500.0|3.2|29|창고43 스페셜|창고43 설화등심|창고43 특안심|창고43 새우살|서울 강남구 논현로 839 B1|02-514-0043|11:30 - 22:00|단체석, 주차, 예약, 국민지원금
창화당 신사점|칼국수|7875.0|4.4|65|모둠만두|떡볶이|새우 지침 만두|고기 찐 만두|서울 강남구 도산대로1길 16|070-4419-0908|11:00 - 23:00|포장, 배달, 방문접수/출장, 예약, 무선 인터넷, 반려동물 동반, 남/녀 화장실 구분, 장애인 편의시설, 국민지원금
채운|중식당|42750.0|3.8|33|다진 마늘 튀킨 새우|광동식 구운 통닭|광독식 생선찜|뭉게구름 코스|서울 강남구 논현로175길 107|02-516-8837|11:30 - 22:00|단체석, 주차, 발렛파킹, 포장, 배달, 예약, 남/녀 화장실 구분, 국민지원금
천미미|중식당|36500.0|3.9|63|돼지고기 탕수육|중화갈비|새우완자닭봉(방방샤)|가지튀김|서울 강남구 강남대로152길 11|02-540-7202|11:30 - 21:30|단체석, 발렛파킹, 포장, 예약, 남/녀 화장실 구분, 국민지원금
청담돈|일식당|26550.0||504|특상 청담 카이센동|청담 카이센동|특 우나기동|혼마구로 우니 카니동|서울 강남구 도산대로49길 11 2층 청담돈|02-549-0302|11:30 - 22:00|단체석, 주차, 발렛파킹, 포장, 배달, 예약, 무선 인터넷, 남/녀 화장실 구분
청담미역 압구정점|한식|13000.0|4.1|5|가자미미역국|전복가자미미역국|조개미역국|소갈비미역국|서울 강남구 압구정로20길 15|02-518-6800|09:00 - 21:00|발렛파킹, 포장, 무선 인터넷, 제로페이, 국민지원금
청담반점 도산공원점|중식당|11250.0|2.6|6|짜장면|삼선짜장면|고추짜장면|해물쟁반짜장면|서울 강남구 압구정로42길 21|0507-1308-3329|11:00 - 22:00|단체석, 주차, 발렛파킹, 포장, 예약, 무선 인터넷, 남/녀 화장실 구분
청담순두부 본점|두부요리|12000.0|2.0|43|곱창 순두부정식|곱창 순두부정식 특|해물 순두부 정식|해물 순두부 정식 특|서울 강남구 도산대로53길 19|02-545-4840|08:00 - 23:00|단체석, 발렛파킹, 포장, 국민지원금
청담정스시 가로수길점|일식당|17750.0|2.6|34|연어&광어초밥|연어초밥|광어초밥|모듬초밥|서울 강남구 강남대로156길 36|02-545-3981|11:30 - 24:00|제로페이
청담플러스|육류|37375.0|3.8|83|한우꽃등심|한우차돌박이|한우채끝|한우갈비살|서울 강남구 논현로152길 27 1층|02-547-1092|11:00 - 24:00|단체석, 주차, 발렛파킹, 예약, 무선 인터넷, 남/녀 화장실 구분
청초수물회 강남점|생선회|26500.0|3.8|81|해전물회 (2인분)|일반물회 (1인분)|해전물회 (1인분)|회덮밥|서울 강남구 압구정로28길 24|02-516-5050|11:30 - 22:00|단체석, 주차, 발렛파킹, 포장, 배달, 예약, 무선 인터넷, 남/녀 화장실 구분
최가네버섯샤브매운탕칼국수|샤브샤브|13750.0|4.6|218|스페셜샤브샤브(1인)|스몰샤브샤브(1인)|버섯매운탕칼국수(1인)|바싹불고기(대)|서울 강남구 도산대로51길 36|02-547-7676|11:00 - 22:00|주차, 예약
최우영스시 압구정점|일식당|15625.0|3.7|27|모듬 초밥|모듬 사시미|광어 사시미|참치 사시미|서울 강남구 언주로151길 17|02-3443-0519|11:30 - 21:30|단체석, 주차, 발렛파킹, 포장, 국민지원금
춘식당|한식|35500.0|3.4|136|매운 등갈비찜|LA갈비|한우육전|초이스 부대찌개|서울 강남구 도산대로23길 17|02-511-4022|18:00 - 01:00|단체석, 발렛파킹, 예약, 남/녀 화장실 구분, 국민지원금
치즈룸 안다즈|이탈리아음식|23333.0|3.9|423|치즈케이크 조각|전복 솥밥 리조또|트러플 파케리 파스타|치즈 홀케이크|서울 강남구 논현로 854 안다즈호텔 지하 1층 112호|010-6700-8861|10:00 - 22:30|단체석, 주차, 예약, 무선 인터넷, 남/녀 화장실 구분
칙피스 신사점|양식|14250.0|4.0|327|비건 샐러드 (Vegan Salad)|아보카도 샐러드 (Avocado Salad)|미트 러버 피타 볼 세트|그릴드쉬림프 라이스 (Grilled Shrimp Rice)|서울 강남구 강남대로152길 69|0507-1338-6780|11:30 - 20:30|발렛파킹, 포장, 무선 인터넷, 남/녀 화장실 구분
카멜커피 도산2호점|카페|5625.0|3.2|56|카멜커피|아메리카노|라떼|플래화이트|서울 강남구 언주로164길 14 -1|none|11:00 - 20:00|매장식사
카멜커피|카페,디저트|5500.0|3.3|22|카멜커피|아메리카노|카푸치노|플랫화이트|서울 강남구 도산대로45길 16-8|010-7774-1484|10:00 - 21:00|매장이용가능
카시나카페|카페|7000.0|3.6|58|아메리카노|팬케이크|누텔라 팬케이크|캐모마일티|서울 강남구 압구정로46길 42 2층|070-4242-4525|10:00 - 20:00|포장, 배달, 무선 인터넷
카츠바이콘반|일식당|16500.0|4.3|496|로스카츠|히레카츠|믹스카츠|로스카츠 (단품)|서울 강남구 선릉로153길 36|0507-1332-3903|11:30 - 20:30|단체석, 발렛파킹, 포장, 무선 인터넷, 제로페이, 국민지원금
카페 아뮈제 도산|카페,디저트|8500.0|4.2|37|라비앙로즈|베르베르|두부|생토노레|서울 강남구 압구정로46길 55 1층|070-5175-0070|10:00 - 22:00|단체석, 발렛파킹, 포장, 배달, 무선 인터넷, 남/녀 화장실 구분, 제로페이
카페그라쎄|이탈리아음식|23000.0|4.3|79|아보카도 에그 베네딕트|봉골레 파스타|아보카도 타르틴|문어샐러드|서울 강남구 도산대로17길 19 온암빌딩 1층|02-542-3446|11:00 - 22:00|단체석, 주차, 발렛파킹, 포장, 예약, 무선 인터넷, 남/녀 화장실 구분
카페 노티드 신사 옐로우바스켓 팝업|카페|4000.0|4.4|94|아메리카노|none|none|none|서울 강남구 압구정로10길 30-1 지하1층|0507-1448-9377|12:00 - 21:00|발렛파킹, 포장, 무선 인터넷
카페 노티드 청담|카페|3375.0|3.7|1881|뉴욕버터밀크스콘|헤이스콘|초코 누텔라 스콘|맬트앤믹스청크쿠키|서울 강남구 도산대로53길 15 1층|0507-1426-9399|09:00 - 21:00|단체석, 발렛파킹, 포장, 무선 인터넷, 반려동물 동반
카페 마당|북카페|26875.0|4.1|178|클럽샌드위치|수제버거|크림소스와 구운 가리비 스파게티|마당 티라미수|서울 강남구 도산대로45길 7 에르메스도산파크|02-546-3643|11:00 - 19:00|단체석
카페뮤제|카페|5200.0|3.7|102|아메리카노|카페라떼|바닐라라떼|카페모카|서울 강남구 압구정로4길 14-12 |02-547-0102|11:00 - 22:00|매장식사
카페뮬라 가로수길점|카페|7875.0|2.6|113|클레식 대왕 티라미수|녹차 대왕 티라미수|아메리카노|유자아메리카노|서울 강남구 압구정로4길 13-12|02-6104-4541|12:00 - 20:00|포장, 무선 인터넷, 남/녀 화장실 구분
카페바잇미 신사점|카페|4325.0|4.7|35|아메리카노|에스프레소|카페라떼|핫 에그케이크|서울 강남구 논현로175길 101-3 1층|070-7766-1824|12:00 - 21:00|단체석, 포장, 무선 인터넷, 반려동물 동반, 남/녀 화장실 구분
카페캠프통|카페,디저트|0.0|3.7|779|커피|none|none|none|서울 강남구 압구정로42길 27 카페캠프통|0507-1496-0369|11:00 - 20:00|단체석, 주차, 발렛파킹, 포장, 예약, 무선 인터넷, 남/녀 화장실 구분
카페 키츠네 서울|카페,디저트|5375.0|3.8|207|에스프레소 더블 샷|아메리카노|카푸치노|플랫 화이트|서울 강남구 가로수길 23 1층|02-540-5559|11:00 - 21:00|포장, 무선 인터넷
카페파이브바|카페|7400.0|4.4|29|아메리카노|하우스와인 700ml|얼그레이 티|카페라떼|서울 강남구 언주로172길 65|02-511-5578|08:00 - 02:00|발렛파킹, 포장, 무선 인터넷, 반려동물 동반, 남/녀 화장실 구분
커피라이터|카페|5875.0|4.5|25|아인슈페너|마스카포네 티라미수|딥모카|아메리카노|서울 강남구 논현로161길 15|070-4141-3222|10:00 - 22:00|주차, 포장, 무선 인터넷, 반려동물 동반, 국민지원금
커피빈 압구정로데오점|카페|6475.0|5.0|4|베이컨 파 크림치즈 베이글|스파클링 퍼플 상그리아|순 우유 허니케익|퍼리베리 요거트 아이스 블렌디드|서울 강남구 선릉로157길 12|02-3445-5093|07:30 - 22:00|포장
커피오카|카페|5500.0|4.6|22|초코렛 콜라다|녹차라떼|레모네이드|커피코카|서울 강남구 선릉로161길 31 혜성빌딩|02-515-3032|09:30 - 22:00|매장식사
컬렉션라운지|바(BAR)|11000.0|2.9|56|칵테일|뉴욕치즈피자|더블페퍼로니피자|트러플프라이|서울 강남구 압구정로10길 33 B1|070-4229-0050|18:00 - 02:00|단체석, 주차, 발렛파킹, 예약, 무선 인터넷, 남/녀 화장실 구분
코다차야|이자카야|16750.0|2.3|25|이태리수제비|김치볶음밥|모듬 사시미|나가사끼 짬뽕|서울 강남구 압구정로14길 6 b1 코다차야|02-518-8883|17:00 - 03:00|매장식사
코레아노스키친 압구정점|멕시코|52625.0|3.2|39|쓰리 와이즈 프라이즈|커플 스키즐|치킨 퀘사디아|토도스 부리또|서울 강남구 선릉로157길 25|02-547-4427|12:00 - 23:00|단체석, 주차, 발렛파킹, 포장, 배달, 예약, 무선 인터넷
콘유|일식당|15000.0|3.6|88|숯불꼬치 세트 A|숯불꼬치 세트B|아보카도 참치 육회|닭완자|서울 강남구 도산대로11길 31-7|02-545-0527|18:00 - 24:00|단체석, 예약, 무선 인터넷, 남/녀 화장실 구분
콴안다오|베트남음식|8625.0|4.3|343|짜조|반미|퍼보|껌승|서울 강남구 강남대로156길 28-2|0507-1408-1651|11:00 - 22:00|주차, 발렛파킹, 무선 인터넷
쿠라우니|베이커리|6000.0|3.2|249|쿠라우니|아메리카노|카페라떼|마리아쥬 홍차|서울 강남구 강남대로156길 39|02-512-2202|11:00 - 21:00|포장, 무선 인터넷, 남/녀 화장실 구분
크라운돼지|육류,고기요리|36000.0|3.9|64|티돈스테이크 세트(640g)|돈마호크 세트(550g)|쫄데기살(120g)|오겹살(160g)|서울 강남구 강남대로156길 17-1|0507-1489-5700|16:00 - 22:30|단체석, 주차, 포장, 배달, 무선 인터넷, 남/녀 화장실 구분
클랩피자 청담점|피자|8400.0|3.9|273|HALF&HALF 14INCH|GARLIC|BUFFALO|CORN SALAD|서울 강남구 압구정로46길 71 1층|0507-1352-9973|11:30 - 21:30|단체석, 발렛파킹, 포장, 배달
키쏘커피 도산점|카페|5250.0|3.1|15|비체린/화이트비체린|마로끼노|에스프레소 콘파나|몬테바앙코|서울 강남구 언주로164길 35-6 1층|070-4165-3304|10:00 - 20:00|포장, 배달, 무선 인터넷, 반려동물 동반, 제로페이, 국민지원금
키친마이야르|양식|22500.0|4.4|99|연어포케|통골뱅이 냉파스타|소보로 파스타|상하이 크림파스타|서울 강남구 언주로170길 22 지하1층|02-511-7002|11:30 - 21:00|단체석, 발렛파킹, 예약, 무선 인터넷, 남/녀 화장실 구분, 장애인 편의시설
타르틴베이커리 도산점|베이커리|6875.0|3.4|349|컨트리 하프|크루아상|바나나 크림 타르트|모닝번|서울 강남구 언주로168길 24|070-4333-4350|10:00 - 21:00|단체석, 주차, 발렛파킹, 포장, 배달
타코벨 압구정점|멕시코|7250.0|2.6|9|스페셜세트|수프림 타코 세트|수프림 타코|더플 치즈 데커 타코|서울 강남구 압구정로28길 22|02-543-0547|11:00 - 21:00|포장, 배달
탐앤탐스 더클래식압구정로데오점|카페|6300.0|2.3|17|카페 아메리카노|바닐라빈 라떼|오리엔탈 라떼|허니 그린라떼|서울 강남구 선릉로 823 한양타운빌딩|02-542-5517|07:00 - 24:00|주차, 발렛파킹, 포장, 무선 인터넷, 남/녀 화장실 구분
탐앤탐스 압구정본점|카페|6300.0|2.3|22|카페 아메리카노|바닐라빈 라떼|오리엔탈 라떼|허니 그린라떼|서울 강남구 논현로163길 10|02-542-4565|07:00 - 24:00|단체석, 무선 인터넷
탐앤탐스블랙 압구정점|카페|6300.0|2.4|9|카페 아메리카노|바닐라빈 라떼|오리엔탈 라떼|허니 그린라떼|서울 강남구 언주로172길 11|02-517-9890|07:00 - 24:00|단체석, 무선 인터넷
테일러커피 신사점|카페|5750.0|4.4|234|에스프레소|아메리카노|플랫화이트|크림모카|서울 강남구 강남대로160길 31|02-511-0355|10:00 - 22:00|단체석, 주차, 발렛파킹, 포장, 무선 인터넷, 남/녀 화장실 구분
텍사스데브라질 압구정점|스테이크,립|60500.0|3.7|205|런치 슈하스코 (9종 무한제공)|디너 슈하스코 (15종 무한제공)|none|none|서울 강남구 논현로 854 안다즈 호텔 지하 1층|02-3442-7734|11:30 - 22:00|단체석, 주차, 발렛파킹, 예약, 남/녀 화장실 구분, 장애인 편의시설
투썸플레이스 강남도산점|카페|16125.0|4.0|5|생크림 바스크 치즈 케이크|딸기생크림1호|아메리카노R|아메리카노L|서울 강남구 도산대로37길 19|02-3445-7523|10:00 - 22:00|단체석, 주차, 발렛파킹, 포장, 무선 인터넷, 남/녀 화장실 구분
투썸플레이스 강남신사점|카페|16125.0|1.9|3|생크림 바스크 치즈 케이크|딸기생크림2호|아메리카노R|아메리카노L|서울 강남구 강남대로152길 22 1,2층 투썸플레이스강남신사점|0507-1343-0238|09:00 - 22:00|단체석, 주차, 발렛파킹, 포장, 무선 인터넷, 남/녀 화장실 구분
파넬|양식|25250.0|3.5|108|수비드 스테이크샌드위치|연어에그베네딕트|베이컨에그베네딕트|살치살 스테이크|서울 강남구 언주로164길 14|02-511-6492|10:00 - 22:00|단체석, 발렛파킹, 예약, 무선 인터넷, 남/녀 화장실 구분
파시0914|양식|22000.0|3.5|58|레지나 마르게리따|none|none|none|서울 강남구 도산대로45길 15 지하 1층|02-2056-0917|11:00 - 22:00|발렛파킹
파씨오네|프랑스음식|75000.0|4.4|173|런치코스|디너코스|none|none|서울 강남구 언주로164길 39|02-546-7719|12:00 - 22:00|단체석, 주차, 발렛파킹, 예약
파지티브호텔 뷰티그로서리|양식|12375.0|3.3|81|치킨 프로틴볼|ICE 블루베리 볼|블랙빙수|지중해 마켓볼|서울 강남구 압구정로46길 77|02-546-7618|11:30 - 19:30|단체석, 주차, 포장, 배달, 무선 인터넷, 반려동물 동반, 제로페이, 국민지원금
파티오42 압구정점|이탈리아음식|24750.0||40|랍스타 로제 파스타|아보카도와 스테이크|아보카도 연어샐러드|스테이크 트러플 크림파스타|서울 강남구 논현로159길 10 1층 102호 파티오42 압구정점|02-518-2242|11:30 - 23:00|단체석, 주차, 발렛파킹, 포장, 배달, 예약, 무선 인터넷, 남/녀 화장실 구분, 제로페이, 국민지원금
패티앤베지스|햄버거|8300.0|4.4|204|클래식|딥버거|크런치프라이즈|하와이안와사비|서울 강남구 압구정로4길 11 1층|02-541-3443|11:30 - 24:00|발렛파킹, 포장, 무선 인터넷, 남/녀 화장실 구분, 국민지원금
팻보이샌드위치|샌드위치|12250.0|3.8|12|NYC 이탈리안|클래식 햄 & 치즈|롱 아일랜드 와사비 새우|선데이 로스트 비프|서울 강남구 논현로163길 9-4|0507-1314-5150|09:00 - 16:00|주차, 포장, 배달, 무선 인터넷
펠트커피 도산공원점|카페|4750.0|3.8|125|에스프레소|아메리카노|카페라떼|플랫화이트|서울 강남구 언주로164길 23|070-7756-3145|11:00 - 21:00|발렛파킹, 포장, 무선 인터넷, 반려동물 동반
포도식당 압구정본점|돼지고기구이|27375.0|2.3|13|참숯돼지왕갈비|모듬구이|생삼겹살|참숯소왕갈비|서울 강남구 논현로167길 13 1층|02-514-9252|12:00 - 21:00|주차, 예약, 국민지원금
포레스트 청담|양식|46500.0|3.5|191|NO.9 채끝 스테이크 230G|이베리코 목살 스테이크 (Iberico Boston Butt Steak)|쿠앤크 젤라또|참나물 파스타|서울 강남구 선릉로 803 1, 2, 3층|02-6207-8998|11:00 - 24:00|단체석, 주차, 발렛파킹, 포장, 배달, 예약, 무선 인터넷, 남/녀 화장실 구분
포케올데이 신사점|샐러드|10050.0|4.8|34|현미밥 포케|메밀면 포케|단호박 크림 스프|야채만 포케|서울 강남구 도산대로17길 11 지상 1층|0507-1334-0708|10:30 - 20:30|단체석, 주차, 발렛파킹, 포장, 배달, 무선 인터넷, 남/녀 화장실 구분, 국민지원금
폴바셋 압구정2호점|카페|5375.0|3.3|10|아이스 카페라떼|아이스 롱고|아이스 아메리카노|아이스 카라멜 마끼아토|서울 강남구 압구정로36길 8 1층|02-3446-8347|08:00 - 22:00|매장식사
프레즈드로이|맥주,호프|24000.0|3.7|152|Koleno|Goulash|Prazdroj pizza|Crunch shrimp|서울 강남구 강남대로156길 41|02-515-7077|14:00 - 새벽 02:00|단체석, 주차, 발렛파킹, 포장, 배달, 예약, 무선 인터넷, 반려동물 동반, 남/녀 화장실 구분, 국민지원금
플라워베이커리 가로수길점|베이커리|4400.0|4.1|142|아메리카노|버터프레첼|루스틱앙버터|에스프레소|서울 강남구 압구정로2길 45 1층 플라워베이커리|02-515-1345|09:00 - 22:00|발렛파킹, 포장, 무선 인터넷, 남/녀 화장실 구분
피쉬스토리 압구정본점|생선회|29500.0|4.1|36|광어 소|광어 중|광어 대|광어 특대|서울 강남구 압구정로50길 7 정동상가 1층 16호|02-3447-2067|17:00 - 02:00|단체석, 포장, 배달, 예약, 무선 인터넷, 반려동물 동반, 남/녀 화장실 구분, 지역화폐(카드형), 지역화폐(모바일형), 제로페이, 국민지원금
피자네버슬립스|피자|23000.0|3.9|198|CHEESE PIZZA|PEPPERONI PIZZA|POTATO PIZZA|DOUBLE PEPPERONI PIZZA|서울 강남구 도산대로19길 50 2층 피자네버슬립스|0507-1313-5877|12:00 - 23:00|단체석, 포장, 예약, 무선 인터넷
피자익스프레스|피자|23750.0|2.3|76|커플 하프앤하프 세트|뉴욕치즈피자 조각|뉴욕치즈피자|페페로니 피자|서울 강남구 압구정로10길 28 지하1층|070-7757-9200|12:00 - 22:30|단체석, 발렛파킹, 포장, 배달, 무선 인터넷, 국민지원금
피치|브런치|12875.0|1.7|6|Chestnut Latte|생크림케이크|흑임자케이크|피치 브런치|서울 강남구 언주로168길 32 1층|070-8861-6708|11:00 - 22:00|단체석, 발렛파킹, 포장, 예약, 무선 인터넷
하나우동|종합분식|8750.0|3.8|40|오징어김치볶음밥|참치김치볶음밥|햄치즈김치볶음밥|치즈베이컨김치볶음밥|서울 강남구 논현로171길 12|02-546-3051|11:30 - 21:00|주차
하모|한식|28750.0|3.6|34|진주비빔밥|헛제사밥|육전|갈비구이|서울 강남구 언주로 819 2층 하모|02-515-4266|11:30 - 22:00|단체석, 주차, 발렛파킹, 포장, 예약, 남/녀 화장실 구분
하이볼가든|바(BAR)|12750.0|4.4|33|오늘의 하이볼|시그니처하이볼|레어치즈케이크|블루치즈 딥&크래커|서울 강남구 논현로161길 39|0507-1331-4636|15:30 - 새벽 01:00|단체석, 주차, 예약, 무선 인터넷
한일관 압구정점|한정식|31250.0|3.4|60|새 상차림|불고기 상차림|불고기1939|전통 갈비탕|서울 강남구 압구정로38길 14|1577-9963|11:30 - 21:30|발렛파킹, 예약
한잔의추억|맥주|19250.0|3.0|291|후라이드치킨|한추떡볶이|양념치킨|고추튀김|서울 강남구 논현로175길 68|02-541-0969|14:00 - 24:00|국민지원금
할리스 세로수길점|카페|19150.0|2.9|8|내 마음 프룻프룻해 세트|시그니처 델리 세트|할리스 브런치 세트|든든한 하루 세트|서울 강남구 강남대로152길 41|02-511-1473|08:00 - 24:00|무선 인터넷, 남/녀 화장실 구분
함흥면옥 압구정점|냉면|25500.0|3.7|40|비빔냉면|사골만두국|홍어회|수육|서울 강남구 논현로 826 제이와이빌딩|02-515-2505|11:00 - 21:30|단체석
핫쵸|일식당|14250.0|3.0|123|핫쵸 오코노미야끼|칸조(간장) 야끼소바|모단야끼|토오가라시(고추) 야끼소바|서울 강남구 도산대로15길 32-10 지하 1층|0507-1444-3881|11:30 - 22:00|주차, 무선 인터넷, 제로페이, 국민지원금
해남집|한식|15000.0|3.4|30|해남정식|생선구이정식|매생이|해남떡갈비|서울 강남구 강남대로160길 16|02-543-7244|11:30 - 22:00|주차, 예약
행복추풍령칼삼겹살 압구정점|돼지고기구이|9000.0|4.5|16|칼생삼겹살|김치찌개|꽃게새우된장찌개|물냉면|서울 강남구 도산대로51길 41 1층|0507-1307-0090|17:00 - 23:00|발렛파킹, 포장, 무선 인터넷, 남/녀 화장실 구분, 제로페이, 국민지원금
헤이미|카페|4875.0|3.7|10|마카롱|아메리카노|라떼|바닐라라떼|서울 강남구 논현로172길 21 지상1층 101호(신사동,이화빌딩)|0507-1400-7243|11:00 - 20:00|매장식사
헬로우|와인|14250.0|4.5|39|베이컨쉬림프 크림파스타|애플시럽브리치즈구이|카프레제 샐러드|나초 치즈|서울 강남구 논현로151길 55 호경빌딩|02-541-4427|18:00 - 02:00|단체석, 국민지원금
형훈 텐동|일식당|12350.0|3.3|59|형훈 텐동|스페셜 텐동|에비동|장어 텐동|서울 강남구 압구정로46길 75 2층|0507-1385-3404|11:30 - 21:00|포장, 무선 인터넷
호남식당|육류|11500.0|3.5|16|야채찜돼지갈비|돼지갈비|충무로 돼지물갈비|복음밥 1공기|서울 중구 퇴계로41길 9|02-2273-1348|12:00 - 22:30|예약, 국민지원금
호족반|한식|12300.0|3.6|654|트러플 감자전|들기름 메밀국수|청담김 주먹밥|마늘 항정 수육|서울 강남구 언주로164길 39 1층|0507-1399-3353|11:30 - 21:30|발렛파킹, 포장, 배달, 무선 인터넷
호호식당 도산공원|일식당|14750.0|4.3|131|1 로스가츠정식|3 히레가츠정식|6 돈테키정식|2 생선가츠정식|서울 강남구 도산대로49길 29-6|0507-1332-2384|11:00 - 22:00|단체석, 주차, 발렛파킹, 포장, 배달, 예약, 무선 인터넷, 제로페이, 국민지원금
호화반점|중식당|26000.0|3.2|60|탕수육|찹쌀탕수육|깐풍중새우 중|크림중새우 소|서울 강남구 선릉로161길 5 1-2층|02-543-8543|12:00 - 21:00|단체석, 주차, 발렛파킹, 포장, 배달, 예약, 남/녀 화장실 구분
홍미닭발 신사본점|닭발|17250.0|3.2|117|통닭발|무뼈닭발|국물닭발|오돌뼈|서울 강남구 도산대로1길 6 1층 홍미닭발|02-545-2119|12:00 - 새벽 03:30|단체석, 주차, 발렛파킹, 포장, 배달, 예약, 무선 인터넷, 남/녀 화장실 구분, 지역화폐(카드형), 지역화폐(모바일형)
회춘|한식|30250.0|3.5|140|제주회춘세트 2인|회춘 브런치 플래터|우대 갈비 리조또|소고기 라구 라자냐|서울 강남구 도산대로51길 22 1층, 2층, 3층|010-8572-9333|10:00 - 23:00|국민지원금
히바치참치|생선회|47250.0|3.5|73|히바치참치코스|일품참치코스|혼마구로 한사라|특초밥|서울 강남구 강남대로152길 67|none|none|매장식사
