name|gubun|score|visitCount|blogCount
daughter|브런치|4.49|548|715
감성타코 건대점|멕시코,남미음식|4.32|1115|870
건대사시미|생선회|4.45|365|527
경성양육관|양꼬치|4.58|704|782
고기굽는놈|육류,고기요리|4.64|816|980
고베규카츠 건대점|돈가스|3.64|182|64
고향양꼬치|양꼬치|4.38|226|1096
꾸아 건대점|베트남음식|4.68|247|189
남한강민물매운탕|매운탕,해물탕|4.38|422|227
더 클래식 500 라구뜨|뷔페|4.56|3334|1004
도쿄빙수 건대점|빙수|4.37|436|425
라화쿵부 건대점|중식당|4.66|6714|1326
로니로티 건대점|이탈리아음식|4.47|1957|1668
릴리베이커리|베이커리|4.49|1498|502
마당족발|족발,보쌈|4.38|315|423
마초쉐프 건대점|이탈리아음식|4.7|2012|945
매운향솥 마라탕 마라샹궈|중식당|4.47|981|1061
명봉반점|중식당|4.37|398|1129
모츠커피|카페|4.65|263|260
미분당|베트남음식|4.44|895|674
민벅 건대본점|양식|4.31|2846|1704
백소정 건대본점|일식당|4.32|1959|175
봉자마라탕|중식당|4.25|103|340
비에이치테이블|브런치|4.54|289|384
뽕사부|중식당|4.61|2212|352
서북면옥|냉면|4.26|1200|1401
성수완당 본점|한식|4.56|340|206
송림식당|기사식당|4.32|2319|1266
송화산시도삭면|딤섬,중식만두|4.53|1050|1427
송화산시도삭면 2호점|중식당|4.44|1511|543
송화양꼬치|양꼬치|4.48|702|753
심야식당 후타리|이자카야|4.8|390|258
아오스요거트|카페,디저트|4.5|895|459
아찌떡볶이|떡볶이|4.33|902|464
에스프레소바 투또톤토|카페,디저트|4.8|141|71
오마카세 오사이초밥 건대본점|일식당|4.8|2320|389
오봉집 건대점|한식|4.14|374|97
오우|요리주점|4.45|53|25
오코노미야키식당하나|일식당|4.52|576|479
옥루몽 어린이대공원점|빙수|4.38|451|153
요비|이자카야|4.41|103|308
용용선생 건대점|요리주점|4.59|467|209
장미술상 건대점|요리주점|4.96|257|143
조용한주택|스파게티,파스타전문|4.72|819|147
카페 그자체 베이커리|베이커리|4.59|878|684
카페 아르무아|카페,디저트|4.44|672|989
쿵푸소룽샤&마라룽샤|중식당|4.64|330|658
페스타마레 건대본점|스파게티,파스타전문|4.72|3280|1345
포비|일식당|4.45|428|631
하이디라오 건대지점|중식당|4.66|3008|436
함흥본가면옥|냉면|4.37|2465|351
호야초밥참치 본점|초밥,롤|4.45|2469|2216
화기애애 건대본점|육류,고기요리|4.56|608|1138
흐릇|카페|4.75|74|44
60년전통신촌황소곱창 건대직영점|곱창,막창,양|4.12|297|385
972Bar|바(BAR)|4.58|95|438
MouseRabbit|카페|4.36|285|462
건대 숯불부자곱창|곱창,막창,양|4.84|486|243
겐로쿠우동 건대직영점|우동,소바|4.59|458|410
김창훈호프|맥주,호프|4.35|174|76
꼼주|포장마차|4.54|165|196
뉴웨이브서울|와인|4.54|123|75
느린마을양조장 건대점|요리주점|4.64|499|862
대흥양다리바베큐 건대점|양꼬치|4.35|241|190
도도곱창 건대본점|곱창,막창,양|4.72|550|309
돕감자탕전문점|감자탕|4.41|787|745
드로잉레시피|양식|4.63|363|275
랑데자뷰 건대점|카페,디저트|4.37|484|296
래빗홀 버거컴퍼니|햄버거|4.66|201|229
레브|카페,디저트|4.54|62|24
로얄 인디안 레스토랑|인도음식|4.43|303|318
만경상회 건대본점|요리주점|4.42|1114|500
매화반점|중식당|4.12|143|742
멘쇼|일본식라면|4.47|367|274
민정식당|한식|4.35|302|213
범맥주 건대점|요리주점|4.52|122|165
부탄츄 건대점|일본식라면|4.33|412|201
삼꾸미집 건대점|육류,고기요리|4.64|44|55
새로이|요리주점|4.5|205|207
송쉐프|중식당|4.45|555|208
수퍼슬라이더스|햄버거|4.6|448|271
심마니|전통,민속주점|4.22|135|160
언리미티드|바(BAR)|4.52|201|460
열매제과점|베이커리|4.69|288|267
오포케|다이어트,샐러드|4.66|455|86
우마이도 건대점|일본식라면|4.44|593|1072
원보양꼬치|양꼬치|4.56|291|478
육성회비|요리주점|4.54|258|323
정글포차|맥주,호프|4.35|46|62
정통집 건대점|돼지고기구이|4.39|260|352
지구상사 건대점|요리주점|4.31|313|72
지속|카페,디저트|4.61|213|180
처비버디|햄버거|4.22|33|12
초라멘|일본식라면|4.67|452|200
최신족발|족발,보쌈|4.42|588|895
카페 오알피하우스|카페,디저트|4.6|35|90
캐치볼클럽|카페,디저트|4.42|332|730
태태삼겹 건대점|한식|4.12|89|54
폰버거|햄버거|4.63|234|196
플록|프랑스음식|4.87|156|140
한식당|한식|4.66|158|49
해룡마라룽샤 건대점|중식당|4.52|285|1002
후토|이자카야|4.47|147|148
C156|양식|4.59|729|514
가마로|돼지고기구이|4.34|481|267
건대우동집|우동,소바|4.43|1265|174
고망고 건대점|카페,디저트|4.48|1203|203
고향양꼬치|양꼬치|4.38|226|1097
그릭데이 건대점|카페,디저트|4.57|361|136
김창훈포차|요리주점|4.52|140|127
낙원스낵 건대점|맥주,호프|4.41|308|237
니뽕내뽕 건대본점|중식당|4.41|682|565
대부포차|포장마차|4.27|91|91
도단집|돼지고기구이|4.66|448|209
도쿄스테이크 건대점|스테이크,립|4.32|436|907
막이오름 건대점|요리주점|4.23|337|185
메이빌 본점|이탈리아음식|4.48|594|399
메호르|스페인음식|4.45|143|239
미도인 건대|양식|4.58|884|239
바른면집 건대점|패밀리레스토랑|4.45|485|891
반티엔야오 카오위 건대점|중식당|4.75|472|200
빕스 어린이대공원점|패밀리레스토랑|4.39|2917|224
뿔난황소곱창 건대본점|곱창,막창,양|4.26|215|559
송몽|카페|4.32|92|18
스파이스드 SPICED|양식|4.75|219|64
아웃백스테이크하우스 건대스타시티점|패밀리레스토랑|4.46|4932|478
안다미로 팬케이크|카페,디저트|4.57|233|148
얼땅쟈|중식당|4.52|144|387
엘루이 비스트로|요리주점|4.34|221|296
엘루이피자|맥주,호프|4.46|107|431
연옥양꼬치|양꼬치|4.75|273|497
우성식당|기사식당|4.2|734|138
우화등선|소고기구이|4.64|96|547
육일관|육류,고기요리|4.48|756|435
육회한연어 건대점|요리주점|4.39|370|316
은호초밥 건대본점|초밥,롤|4.26|676|628
이우|중식당|4.46|64|13
장인닭갈비 건대점|닭갈비|4.19|515|302
조그삼|돼지고기구이|4.52|203|239
조씨네고기국수|국수|4.47|468|508
중경식객 건대점|중식당|4.59|306|369
참숯벽돌집|육류,고기요리|4.55|102|480
코후쿠|이자카야|4.53|404|178
평화김해뒷고기 건대점|육류,고기요리|4.41|108|93
프레퍼스 다이어트 푸드 건대점|다이어트,샐러드|4.75|532|46
한촌설렁탕 건대입구역점|곰탕,설렁탕|4.28|493|203
해피니스디저트|카페,디저트|4.41|793|105
호아다오|베트남음식|4.91|792|209
호파스타 건대점|스파게티,파스타전문|4.38|762|368
홍도초밥|초밥,롤|4.53|366|198
화양주막|전통,민속주점|4.82|192|79
환이네갈비살 2호점|소고기구이|4.5|391|133
흥에취한범 건대점|요리주점|4.75|246|12
LITE LANE|카페|4.43|458|260
건대스시|일식당|4.51|221|222
고쿠텐 건대입구역점|덮밥|4.17|181|110
고흥순대국머리고기|순대,순댓국|4.45|1116|140
기류|카페,디저트|4.18|48|6
깍뚝|돼지고기구이|4.51|446|280
냥토피아 카페앤샵|카페,디저트|4.74|1235|219
대구안지랑곱창막창 건대점|곱창,막창,양|4.36|166|369
도키도키|이자카야|4.22|137|56
등촌샤브칼국수 자양점|칼국수,만두|4.32|711|100
디슬로|바(BAR)|4.94|153|108
라그랑우스|베이커리|4.48|265|119
마실리아|요리주점|4.32|166|89
매드포갈릭 건대스타시티점|이탈리아음식|4.43|1001|380
메종드쁘띠푸르 커먼그라운드점|베이커리|4.35|607|107
반둥식당|아시아음식|4.48|318|281
발빠닭 건대점|닭발|4.73|185|89
북카페세모|카페,디저트|4.76|654|2593
샤오당쟈마라탕 건대점|중식당|4.41|675|48
설레임삼겹살|돼지고기구이|4.58|140|253
스파이스드 SPICED|양식|4.57|219|64
쑤담샤브샤브|샤브샤브|4.18|2443|817
아날로그키친|이탈리아음식|4.48|289|433
아마 건대점|인도음식|4.76|94|81
아메리칸트레이 건대입구점|다이어트,샐러드|4.18|62|89
애드앤드|카페,디저트|4.75|164|174
열불날개 건대2호점|닭발|4.43|301|628
옛날종로빈대떡|전,빈대떡|4.22|123|45
오페뜨 건대점|카페,디저트|4.76|700|649
은비스브레드 건국대|베이커리|4.43|68|9
이덕복인|오리요리|4.75|3|7
이태리부대찌개 건대점|찌개,전골|4.42|445|62
정면|국수|4.86|333|163
질서정연|요리주점|4.94|169|130
청춘등판|한식|4.87|404|175
최가커피|카페|4.5|849|732
카페드라이|카페,디저트|4.53|258|340
평창 닭다리살 불고기|육류,고기요리|4.43|300|134
포크포크 건대직영점|돈가스|4.53|536|222
한사바리|요리주점|4.57|119|62
해란양꼬치|중식당|4.73|220|463
호우시절|요리주점|4.59|54|85
화양과자|카페,디저트|4.64|194|78
화양시장할머니순대국|순대,순댓국|4.29|575|139
훈춘양꼬치|양꼬치|4.64|133|123
CUCINA843|양식|4.59|74|150
가츠시 건대점|일식당|4.56|629|154
감성당|양식|4.4|206|253
건대족발|족발,보쌈|4.79|208|199
경양카츠 건대점|돈가스|4.44|389|175
고기야채|육류,고기요리|4.44|14|94
구구향훠궈 건대직영점|샤브샤브|5.0|282|90
그리네|카페,디저트|4.56|200|245
김밥천국 건대2호점|분식|4.46|288|31
능동샐러드|다이어트,샐러드|4.63|246|243
더이퀼리브리엄커피|카페|4.44|249|163
도단집별관|육류,고기요리|4.57|85|59
동대문곱창|곱창,막창,양|4.49|261|97
만원수산 건대점|생선회|4.66|212|171
매드쉐프 떡볶이|떡볶이|4.17|26|88
매화반점 본점|양꼬치|4.27|594|65
명륜진사갈비 자양점|육류,고기요리|4.31|485|44
모지니|카페,디저트|4.52|122|108
무지개맥주 건대점|맥주,호프|4.64|139|62
미친쭈꾸미|주꾸미요리|4.98|377|88
밍지 황먼지 찜닭|찜닭|4.78|51|98
보라젤라또|아이스크림|4.85|177|93
블랙아웃커피|카페,디저트|4.64|23|20
수완카페앤베이커리|카페,디저트|4.16|379|102
스시오 건대점|일식,초밥뷔페|4.18|1110|1743
스테이크어스 건대점|스테이크,립|4.47|703|167
시홍쓰|중식당|4.56|183|157
심야식당 하리|이자카야|4.59|70|58
아웃닭 건대점|치킨,닭강정|4.44|441|234
안동참찜닭 본점|찜닭|4.44|337|249
안주나라|술집|4.48|67|118
역전할머니맥주 건대점|맥주,호프|4.36|623|133
예담밥상|한정식|4.66|205|120
왕십리정곱창|곱창,막창,양|4.46|288|176
유미카츠 건대점|돈가스|4.64|322|49
일레븐 라운지|바(BAR)|4.51|328|330
잇타이|태국음식|4.49|270|248
중경삼림|중식당|4.16|60|96
천지샤브샤브 2호점|샤브샤브|4.54|455|313
츠나토리|일식당|4.17|18|6
카페22|카페|4.34|146|589
카페롱|카페,디저트|4.46|258|130
칸틴|다이어트,샐러드|4.17|27|44
탐앤탐스 탐스커버리 건대점|카페|4.36|2197|316
팬더스윗 건대점|브런치|4.46|197|148
퍼프타운 건대점|바(BAR)|4.16|40|65
포항막회|생선회|4.42|372|159
허씨 정통중경마라샹궈|중식당|4.58|328|330
홍야동양꼬치 훠궈무한리필|양꼬치|4.52|217|116
환원당|카페,디저트|4.63|719|136
MIXX LOUNGE BAR|바(BAR)|4.57|100|250
WALPA|요리주점|4.78|109|119
강경수참치|생선회|4.62|128|72
건대연어덮밥|일식당|4.39|256|94
고향산천 원조 숯불닭갈비|닭갈비|4.42|173|122
굽네치킨 구의1동점|치킨,닭강정|4.38|147|15
꼴목|한식|4.39|159|185
끼니공방 건대|일식당|4.69|143|64
난바다스시|초밥,롤|4.42|669|69
노룬산분식|종합분식|4.24|142|170
다원식당|와인|4.84|188|192
대곱창 건대점|곱창,막창,양|4.85|108|217
대동집 건대점|요리주점|4.37|81|22
라좡|양꼬치|4.38|146|142
롤링파스타 건대지점|이탈리아음식|4.42|935|332
바나바나|떡볶이|4.21|240|636
복만루|중식당|4.46|151|248
새마을39운동포차|술집|4.37|209|53
새맛식당|한식|4.49|161|75
서울230|카페,디저트|4.75|100|88
선남sea|일식당|4.39|742|121
선명|요리주점|4.88|40|15
설빙 건대지점|빙수|4.29|2716|497
순곱이네 건대점|찌개,전골|4.53|299|403
아무술집 건대점|맥주,호프|4.12|94|23
알촌 건국대점|퓨전음식|4.42|284|66
양밍위 황먼지 미판 건대본점|중식당|4.71|96|111
에스프레소 바 시 자양점|카페|4.41|374|33
연길왕꼬치 건대점|양꼬치|4.38|338|365
오감만족|한식|4.37|188|79
온달집 건대점|육류,고기요리|4.29|238|77
이름없는파스타 건대점|스파게티,파스타전문|4.32|458|136
일광|이자카야|4.65|67|16
재즈라운지|와인|4.73|98|63
조선주막|술집|4.42|347|304
준성이네|중식당|4.86|244|33
찜집|아귀찜,해물찜|4.4|630|133
천향마라탕|중식당|4.41|205|167
초밥짓는원숭이본점|초밥,롤|4.34|521|187
춘리마라탕 구의점|중식당|4.33|622|39
춘천집|닭갈비|3.94|564|123
카페704호|카페,디저트|4.71|122|96
콩불 건대점|육류,고기요리|4.41|325|285
트리안 건대점|베이커리|4.45|329|133
포인트|카페,디저트|4.57|239|155
푸른술집할라 건대점|요리주점|4.38|37|31
푸오커스|이탈리아음식|4.49|104|53
함루 건대점|덮밥|4.37|79|53
해남닭집|치킨,닭강정|4.53|257|113
환이네갈비살 본점|육류,고기요리|4.37|302|123
The낙원양꼬치 2호점|양꼬치|4.45|317|254
coffee urban|카페|4.3|311|118
강강술래 신림본동점|육류,고기요리|4.37|4646|649
강릉형제장칼국수|칼국수,만두|4.59|436|208
고베규카츠 신림점|돈가스|4.48|580|733
깡통닭갈비|닭갈비|4.51|400|697
달리181 신림점|양식|4.65|449|207
도림항|해물,생선요리|4.69|434|199
디자이너리 카페|카페,디저트|4.48|526|614
디저트문|카페,디저트|4.68|151|190
또순이원조순대 본점|순대,순댓국|4.14|2377|1186
르브와 신림점|양식|4.37|476|638
막불감동|냉면|4.65|2917|1096
만 성 찬 팅|중식당|4.41|740|677
문성골족발집|족발,보쌈|4.65|302|366
미림분식|종합분식|4.41|589|376
박재성의 메밀숯불닭갈비|닭갈비|4.9|725|221
발빠닭 신림점|닭발|4.71|69|63
본화로|육류,고기요리|4.68|463|661
부뚜막|육류,고기요리|4.54|450|1233
사생활|카페,디저트|4.75|1596|441
삼삼당|돼지고기구이|4.96|1620|927
삼촌네|순대,순댓국|4.48|653|788
생각보다맛있는집 신림점|칼국수,만두|4.37|1164|177
서울갈비 신림점|한식|4.44|1168|753
서울뼛국|해장국|4.45|357|171
솟대막걸리 양조장|전통,민속주점|4.4|124|184
스턱|카페,디저트|4.31|45|30
신림춘천집 본점|닭갈비|4.5|1111|328
신림황소곱창|곱창,막창,양|4.35|245|484
신촌황소곱창 신림직영점|곱창,막창,양|4.31|410|484
신텐|일식당|4.59|397|79
아리차이|중식당|4.36|1634|643
연하남|일식당|4.81|124|107
온정돈까스 본점|돈가스|4.22|737|707
우마|이자카야|4.67|127|205
원조부안집 신대방점|돼지고기구이|4.75|827|516
은행골 본점신관|초밥,롤|4.39|1678|1361
일품|돼지고기구이|4.41|433|830
전주익산|순대,순댓국|4.57|854|1913
중화요리 팔공|중식당|4.43|694|353
진화로|이자카야|4.62|293|258
춘천골 숯불 닭갈비|닭갈비|4.52|497|344
카츠 오도|일식당|4.82|589|257
카페신림|카페,디저트|4.51|239|47
포크벨리|육류,고기요리|4.31|15|22
폼앤노말|카페,디저트|4.44|347|600
하와이조개 신림본점|조개요리|4.74|695|160
강남곱창이야기신림점|곱창,막창,양|4.55|482|291
고기싸롱 신대방역점|육류,고기요리|4.7|2425|163
고래가주 신림점|이자카야|4.55|158|138
고모네 식당|육류,고기요리|4.36|710|391
구루메키친|이자카야|4.68|101|174
기막힌포차|포장마차|4.23|62|108
김영자나주곰탕 본점|곰탕,설렁탕|4.44|241|104
꼬꼬아찌숯불치킨 신림점|치킨,닭강정|4.37|206|117
꿈당|요리주점|4.56|159|175
노란집|브런치|4.48|25|101
대원갈비|육류,고기요리|4.32|309|223
동학|요리주점|4.22|68|72
라공방 신림점|중식당|4.41|2374|378
린생사진관 신림역점|요리주점|4.39|147|93
마뇨떡볶이|종합분식|4.45|972|347
마티스커피|브런치|4.75|1268|172
미가할매집|육류,고기요리|4.38|1624|284
미나리생삼겹|돼지고기구이|4.42|293|315
미남포차|포장마차|4.65|346|170
발루토|카페,디저트|4.46|484|413
방앗간|카페,디저트|4.61|351|141
복돈이생고기|돼지고기구이|4.68|81|63
부추삼겹살딱이야|돼지고기구이|4.55|290|377
상군이네고깃집|돼지고기구이|4.13|84|99
생생조개|조개요리|4.45|449|244
서우얼큰칼국수|칼국수,만두|4.24|297|102
서울집 신림직영점|소고기구이|4.52|402|296
술이남|요리주점|4.56|207|224
스시나마|초밥,롤|4.39|649|251
스시노칸도 타임스트림점|초밥,롤|4.38|330|78
시티버거 신림점|햄버거|4.5|67|83
신림다락|카페|4.55|37|17
신림역전|전,빈대떡|4.52|142|60
엽전식당 본점|한식|4.6|211|79
오프 OFF|요리주점|4.47|53|31
오하운 크레페 샌드위치 신림점|샌드위치|4.44|237|69
왕주먹|돼지고기구이|4.6|203|235
우리 여기서만나|요리주점|4.81|90|38
전라도시네마|순대,순댓국|4.72|719|1017
제주탐하리 신림점|육류,고기요리|4.62|207|163
짬뽕갑 본점|중식당|4.39|232|225
쩐호우 양꼬치&샤브샤브|양꼬치|4.63|309|252
찰리삼촌 포장마차|맥주,호프|4.66|290|162
천미미|중식당|4.69|1353|276
캠핑키친|한식|4.66|117|95
쿠버타코 다이닝|멕시코,남미음식|4.54|268|79
한우마당 구로점|소고기구이|4.47|389|262
함지박치즈등갈비 신림본점|육류,고기요리|4.47|283|432
행복한 조개 맛집|조개요리|4.32|180|49
혼맛스시|초밥,롤|4.6|109|87
궁전다방|카페,디저트|4.64|239|82
그냥삼겹살집이나할걸그랬다|한식|4.31|105|96
놀러와플|카페,디저트|3.38|38|64
또또케이크|케이크전문|4.45|65|46
똥개네퓨전포차|포장마차|4.46|238|175
레드제플린|바(BAR)|4.41|30|42
로우포지션|카페,디저트|4.34|7|9
룸펜|이탈리아음식|4.51|62|65
마미쿡 신림1점|햄버거|4.51|237|67
막#|전통,민속주점|4.61|71|128
만끽|요리주점|4.79|104|21
맛닭꼬 신림녹두점|치킨,닭강정|4.46|308|41
맥도날드 신림점|햄버거|4.4|4313|156
목포수산|생선회|4.48|545|156
미남참치 신림점|생선회|4.47|253|376
미자네|순대,순댓국|4.48|339|763
밥도술도 구로신림본점|요리주점|4.47|40|53
버거앤프라이즈 신대방역점|햄버거|4.47|365|262
북경반점|중식당|4.15|396|95
뽕잎사랑 신림점|샤브샤브|4.42|577|115
사랑이백반|백반,가정식|4.67|147|36
샐러디 신림역점|다이어트,샐러드|4.51|1143|83
소백양훠궈|중식당|4.34|52|12
신림닭꼬치|이자카야|4.62|103|23
신림동계란말이김밥 신림본점|김밥|4.27|330|110
신쭈꾸미|주꾸미요리|4.38|312|188
싸다김밥 신림역점|종합분식|4.29|1129|29
씬챠호|베트남음식|4.43|318|79
오월의 햇살|샌드위치|4.93|158|131
온달집 신림역점|육류,고기요리|4.58|38|12
우드스탁|요리주점|4.52|45|27
우리설렁탕|곰탕,설렁탕|4.32|1223|141
장터참숯무한리필|육류,고기요리|4.46|241|42
저스트로맨틱|카페,디저트|4.67|121|99
전주식당|한식|4.52|41|9
즉석두부이야기 신림점|두부요리|4.22|234|31
지기네불닭발 본점|닭발|4.57|197|355
최고집|전통,민속주점|4.31|63|84
최곱창|곱창,막창,양|4.58|47|140
춘형|스파게티,파스타전문|4.7|98|351
킴쓰해물로스|해물,생선요리|4.51|199|230
토당골|백숙,삼계탕|4.66|125|120
푸짐한식당|한식|4.48|176|62
프룻퐁당|카페,디저트|3.38|61|10
하노이별|베트남음식|4.45|266|105
해인어시장 신림본점|생선회|4.37|770|124
해족단|술집|4.43|82|166
홍미닭발|닭발|4.29|273|81
황해도빈대떡|전,빈대떡|4.43|65|43
구움동|카페,디저트|4.84|206|35
긴자료코 신림점|돈가스|4.34|193|50
까페달달스콘|카페,디저트|4.56|648|83
남도|한식|4.51|85|119
낭풍김치찌개|찌개,전골|4.41|201|102
낮부엉이|맥주,호프|4.41|161|133
니뽕내뽕 신림점|중식당|4.37|522|153
달꼬미|요리주점|4.38|40|33
대홍샤브샤브|중식당|4.48|100|70
더빈마켓|카페,디저트|4.6|412|108
두끼 신림역점|분식|4.41|287|160
두둑한샤브칼국수 신림점|샤브샤브|4.46|557|101
루체에살레|스파게티,파스타전문|4.73|142|80
만리성|중식당|4.11|203|17
메밀쟁이|막국수|4.48|91|21
명태어장 난곡점|해물,생선요리|4.4|370|41
모녀|한식|4.31|46|33
밀리언버거|햄버거|4.39|419|115
배스킨라빈스 신림남부점|아이스크림|4.36|1691|13
백년불고기물갈비 신림점|육류,고기요리|4.6|230|153
봉용파절이삼겹살|한식|4.07|157|165
불꽃닭강정|치킨,닭강정|4.38|606|58
불티나는 전집|전,빈대떡|4.28|46|10
사이공본가 신림점|베트남음식|4.33|505|174
산촌신쭈꾸미 서울대점|주꾸미요리|4.32|606|64
서울대학교 호암교수회관|한식|4.67|57|16
설빙 신림점|빙수|4.4|1640|270
소보로|베이커리|4.58|288|111
속에천불청송얼음막걸리 신대방점|전통,민속주점|4.33|35|24
수해복마라탕 서울대점|중식당|4.6|303|70
숯총각꼼장어닭발 신림점|닭발|4.57|93|120
스시락|초밥,롤|4.31|303|180
스타벅스 신림타임스트림점|카페|4.48|5487|153
시골장칼국수|칼국수,만두|4.48|147|53
신림동 피자집|피자|4.8|135|56
애견동반식당 사랑봄|양식|4.91|477|59
양평동 장군집 신림역점|육류,고기요리|4.33|73|89
어사출또 신림역점|생선회|4.41|358|153
옛마을 구로디지털역점|한식|4.51|403|98
와인어클락 신림점|와인|4.52|163|89
우리집팔당닭발 신림점|닭발|4.67|172|146
유가네닭갈비 신림점|닭갈비|4.49|737|162
지구상사 신림점|요리주점|4.48|72|17
지리산삼계탕|백숙,삼계탕|4.41|174|328
지리산토종흑돼지구이|돼지고기구이|4.34|83|38
카페 수베 SUBE|카페|4.82|135|76
카페드발렌느|카페|4.75|32|78
한마음정육식당 서울 신림점|정육식당|4.51|183|115
홍콩반점0410 신림역점|중식당|4.4|707|199
흥부보쌈|족발,보쌈|4.22|189|166
까폼|태국음식|4.52|1228|1405
꽁티드툴레아|브런치|0.0|2421|2671
뉴만두집|만두|4.36|694|958
뉴욕라츠오베이글스|베이글|4.53|543|1324
다운타우너 청담|햄버거|4.61|2813|3039
다이닝 목로|요리주점|4.65|546|388
달래해장|한식|4.43|207|289
달마시안|양식|4.46|924|662
대막|일식당|4.43|1435|844
도산맘마미아|카페,디저트|4.36|2408|2086
도산분식 도산공원점|종합분식|4.23|1665|1078
런던 베이글 뮤지엄 도산점|베이커리|0.0|205|68
르브런쉭 신사점|브런치|4.34|805|625
리틀넥 청담|이탈리아음식|4.5|3280|2087
마일스톤 커피|카페|4.62|1325|1520
맥주덕후 피자덕후|피자|4.92|621|952
무탄|중식당|4.36|1299|1630
묵전|전통,민속주점|4.45|744|697
미미면가|일식당|4.27|1853|1396
뱃고동|낙지요리|4.28|1468|2156
벽돌해피푸드 압구정점|중식당|4.46|700|521
브루클린더버거조인트 가로수길점|햄버거|4.48|2479|1769
삼원가든|한식|4.45|429|477
샌드커피 논탄토 신사|카페|4.47|763|617
선데이 버거 클럽|햄버거|4.53|565|622
신사전|전,빈대떡|4.31|394|520
아베크 청담|양식|4.39|589|412
아우어베이커리 가로수길점|베이커리|4.46|1832|3078
압구정하루|일식당|4.36|1537|2079
오스테리아 꼬또 압구정점|이탈리아음식|4.43|1169|1121
온기정|일식당|4.3|949|1337
올리버|일식당|4.62|35|45
우와|일식당|4.48|1221|870
지아니스나폴리 가로수길점|이탈리아음식|4.35|779|348
쮸즈|딤섬,중식만두|4.38|2087|1421
카멜커피|카페,디저트|4.43|1087|1582
카이센동 우니도|일식당|4.84|236|380
카츠바이콘반|일식당|4.58|1124|1081
카페 노티드 청담|카페|4.44|5692|15152
카페무니 압구정본점|카페,디저트|4.36|441|229
콴안다오|베트남음식|4.52|1170|1358
클랩피자 청담점|피자|4.52|1275|2428
텍사스데브라질 압구정점|스테이크,립|4.33|619|3399
파넬|양식|4.17|847|875
포스터리 베이커|케이크전문|4.36|245|267
플레이버스 바이 바프|양식|4.62|57|47
한올|양식|4.53|24|38
한추|맥주,호프|4.19|1671|812
핫쵸|일식당|4.46|480|375
호족반|한식|4.34|1643|1450
ING|요리주점|4.22|100|284
SADDLER HAUS|와플|4.55|2569|4998
감성타코 신사점|멕시코,남미음식|4.44|1555|984
갓잇 도산공원점|멕시코,남미음식|4.62|619|1053
강남면옥 본점|냉면|4.28|649|1216
강서면옥 압구정점|냉면|4.31|464|608
누데이크 하우스 도산|카페,디저트|4.42|1449|1085
로로|양식|4.4|913|635
롸카두들 내쉬빌 핫치킨 압구정|햄버거|4.58|502|423
마망갸또 신사점|케이크전문|4.36|690|227
마사 타코|멕시코,남미음식|4.42|249|394
모센즈스위트 신사점|카페,디저트|4.4|30|23
백곰막걸리|전통,민속주점|4.38|464|417
부쉬윅|바(BAR)|4.73|419|65
비파티세리|베이커리|4.44|832|1738
삼창교자|딤섬,중식만두|4.44|686|295
소진담 신사점|카페,디저트|4.49|1558|2656
심퍼티쿠시 가로수길점|와인|4.55|318|192
안동국시|국수|4.26|84|145
압구정 곱창|곱창,막창,양|4.61|568|145
어썸로즈|양식|4.77|1278|3136
얼오브샌드위치 압구정로데오점|샌드위치|4.69|26|69
에뚜왈|베이커리|4.49|1100|1218
오리지널팬케이크하우스 가로수길점|양식|4.31|1187|1175
오복수산 도산|일식당|4.44|956|844
온달집 본점|육류,고기요리|4.44|837|487
온리고|양식|4.71|604|888
우가|소고기구이|4.55|296|744
워커비|바(BAR)|4.63|92|24
웍셔너리|중식당|4.28|803|638
웨이크앤베이크 청담|브런치|4.42|996|749
은행골 신사점|초밥,롤|4.71|1866|1728
이웃집통통이 로데오점|카페,디저트|4.58|130|285
일일향 압구정1호점|중식당|4.32|1067|911
진도켄 이자카야|이자카야|5.0|105|106
청담돈|일식당|4.63|1018|1263
청초수물회 강남점|생선회|4.35|276|817
최가네버섯샤브매운탕칼국수|샤브샤브|4.55|876|942
치즈룸 안다즈|이탈리아음식|4.58|1262|5575
콘유|일식당|4.73|187|459
콘피에르|양식|4.42|642|634
키마스시 청담|초밥,롤|4.58|91|85
키친마이야르|양식|4.26|379|311
타르틴베이커리 도산점|베이커리|4.38|824|1681
파씨오네|프랑스음식|4.7|895|2634
패티앤베지스|햄버거|4.46|532|1071
포레스트 청담|양식|4.99|1125|939
피자네버슬립스|피자|4.52|664|563
호호식당 도산공원|일식당|4.69|521|1354
효계|닭요리|4.53|341|283
C27 가로수길점|카페|4.27|2152|1750
Just Steak|스테이크,립|4.34|671|321
Lu307 이자카야|이자카야|4.82|272|197
PEACH|브런치|4.41|279|198
감성타코 가로수길점|멕시코,남미음식|4.42|966|872
갓포 히미츠 X 뱅가드 하이파이 뮤직 라운지|이자카야|4.52|364|76
갓포아키 도산공원점|일식당|4.52|602|122
고트델리 압구정|샌드위치|4.62|461|607
골드피쉬 딤섬퀴진|중식당|4.55|601|515
그랑씨엘|이탈리아음식|4.18|525|88
길버트버거앤프라이즈|햄버거|4.49|772|520
다이칸야마키친|덮밥|4.36|1188|914
도쿄등심 압구정점|소고기구이|4.59|3007|1415
듀자미|카페|4.29|1362|2202
레브|바(BAR)|4.52|58|92
마르르 본점|중식당|4.62|159|773
마이쏭|브런치|4.17|524|294
메리고라운드 스테이크|양식|4.35|1536|2571
목포집|한정식|4.29|1163|668
뮤즈온|바(BAR)|4.39|164|427
벙커컴퍼니 압구정점|카페,디저트|4.58|328|737
보타르가|이탈리아음식|4.45|203|108
빠레뜨한남 가로수길점|양식|4.58|1134|1727
샤블리|샤브샤브|4.74|936|2154
세시셀라 도산공원점|카페|4.45|906|960
소이연남마오|태국음식|4.45|337|564
스시츠바사|일식당|4.42|370|231
스킬렛 스테이크하우스|스테이크,립|4.65|1429|3760
신미식당|한식|4.41|293|418
안다즈서울강남 조각보|양식|4.42|528|549
압구정제주집|육류,고기요리|4.6|465|607
애니오케이션 청담|양식|4.36|448|422
엘피노323|멕시코,남미음식|4.47|313|255
온다|이탈리아음식|4.73|440|392
우미학|육류,고기요리|4.41|555|348
웜브라운 베이커리카페|카페,디저트|4.7|90|121
을지다락 도산공원|이탈리아음식|4.48|764|1132
이끼롤까스 가로수길점|돈가스|4.52|1461|1480
이치서울|카페,디저트|4.37|341|187
임프레션|양식|4.7|336|720
장다리곱창|곱창,막창,양|4.72|622|987
정돈프리미엄 신사점|돈가스|4.35|727|585
지강낙곱새 압구정본점|한식|4.46|563|645
칙피스 신사점|양식|4.49|1166|1868
카페 아뮈제 도산|카페,디저트|4.62|300|509
쿠라우니|베이커리|4.44|904|808
프레임|양식|4.29|41|51
프레즈드로이|맥주,호프|4.29|391|328
한남베르그 도산|카페,디저트|4.41|28|28
호쿠모쿠|양식|4.52|111|21
Bowl Room|다이어트,샐러드|4.53|646|729
UPPERWEST|양식|4.45|324|283
김북순큰남비집 신사본점|한식|4.47|422|775
나따오비까 신사점|카페,디저트|4.31|429|511
네기다이닝라운지|일식당|4.62|435|137
노모어피자|양식|4.75|1048|1166
닭으로가 압구정본점|닭갈비|4.45|602|685
당옥|카페,디저트|4.32|369|363
대봉집 신사본점|육류,고기요리|4.45|485|353
더 키친 일뽀르노 청담점|이탈리아음식|4.41|129|274
더페이머스버거 신사점|햄버거|4.45|620|675
더페이머스버거 압구정점|햄버거|4.69|242|742
더플레이트디저트|베이커리|4.44|115|381
디크루즈|바(BAR)|4.64|15|45
랜디스도넛 가로수길점|도넛|4.45|697|2486
리마크스|브런치|4.39|171|114
미우|소고기구이|4.79|139|79
바빌리안테이블|양식|4.64|1728|515
사브서울|와인|4.64|254|51
선셋스위밍 샌드위치|샌드위치|4.33|512|678
스몰디쉬빅쇼|아시아음식|4.51|473|433
스시선수|일식당|4.42|517|149
스페인클럽 가로수본점|스페인음식|4.28|497|160
시추안하우스 압구정점|중식당|4.48|229|561
식물학|카페|4.43|1044|587
신사 모소리|육류,고기요리|4.53|554|348
신사숙녀|포장마차|4.32|63|465
심양 청담본점|양꼬치|4.26|524|187
아우어베이커리 도산본점|베이커리|4.45|1431|4109
야사이마끼 쿠이신보|일식당|4.45|315|214
어물전 청 도산공원점|해물,생선요리|4.33|208|24
에이커스|다이어트,샐러드|4.11|263|404
오엔|이탈리아음식|4.16|1132|336
우돈청|육류,고기요리|4.58|237|164
우시야 본점|소고기구이|4.51|493|88
이치에|일식당|4.46|690|169
잠수교집 5호점|한식|4.51|388|583
제이앤제이슨 X|바(BAR)|4.13|322|21
천미미|중식당|4.39|395|508
청수당갤러리|카페,디저트|4.44|987|1103
카페 마당|북카페|4.47|652|323
타코앤칠리|멕시코,남미음식|4.96|168|51
텔러스 9.5|바(BAR)|4.5|274|484
파시0914|양식|4.47|237|160
펠트커피 도산공원점|카페|4.4|497|522
플디 도산점|카페,디저트|4.28|370|280
플르서라구뜨|브런치|4.33|13|41
플링크 압구정|베이커리|4.45|216|227
핀치브런치바|브런치|4.85|96|76
형훈 텐동|일식당|4.4|552|559
Ginos NY Pizza 압구정점|피자|4.33|305|319
Poke all day 포케&샐러드 신사점|다이어트,샐러드|4.4|239|543
고급오복수산|일식당|4.52|574|668
고반식당 가로수길점|돼지고기구이|4.61|649|475
골뱅이신사|해물,생선요리|4.73|437|400
구들|요리주점|4.75|122|228
두레국수 본점|국수|4.33|902|655
디저트로이|카페,디저트|4.44|84|181
딩딤1968|딤섬,중식만두|4.4|448|359
르알래스카 가로수길 본점|베이커리|4.4|954|649
맥파이앤타이거 신사티룸|차|4.87|239|645
메종 사우스케이프|브런치|4.18|249|178
모던오뎅|일식당|4.34|246|195
목탄장 도산점|요리주점|4.3|220|169
뮤지드아트|카페,디저트|4.34|22|35
미드타운|브런치|5.0|198|223
미분당 신사점|베트남음식|4.53|319|735
미아전|전,빈대떡|4.35|128|62
바랗|해물,생선요리|4.34|196|422
베이커리 앤 커피 by 쿤달 압구정로데오 플래그쉽스토어|베이커리|4.62|251|474
볼피노|이탈리아음식|4.29|994|394
뻐꾸기 본점|포장마차|4.41|333|183
사이|이자카야|4.65|443|339
서울러|와인|4.82|155|337
소각|중식당|4.88|384|1432
소적두 압구정점|카페|4.6|352|485
솔솥 청담점|한식|4.75|435|389
쇼토|베이커리|4.48|289|321
쉐이크쉑 청담점|햄버거|4.44|1991|4924
스시 이토|초밥,롤|4.34|428|213
스시사카우|초밥,롤|4.69|312|124
식물성 도산|카페,디저트|4.78|287|188
신사시장 떡볶이집|떡볶이|4.3|175|9
씨네드쉐프 압구정|양식|4.64|454|296
아가젤라또|아이스크림|4.57|226|307
안주집|요리주점|4.73|81|309
양철지붕|요리주점|4.44|177|95
오르비에토|양식|4.72|151|112
온천집 스키야키|아시아음식|4.5|286|744
우텐더|소고기구이|4.72|250|121
윌비 가로수길점|카페,디저트|4.59|164|190
을지다락 가로수길|이탈리아음식|4.48|530|662
장 스테이크|스테이크,립|4.62|318|683
카페 노티드 신사 옐로우바스켓 팝업|카페|4.64|277|722
카페그라쎄|이탈리아음식|4.42|328|242
퀸즈블러바드 압구정점|멕시코,남미음식|4.75|75|93
크라운돼지|육류,고기요리|4.76|151|306
트라가 가로수길점|스페인음식|4.9|362|952
하이볼가든|바(BAR)|4.76|124|150
홍미닭발 신사본점|닭발|4.35|572|828
갸우뚱|중식당|4.61|326|196
고물상|맥주,호프|4.6|489|375
고엔|이자카야|4.56|100|70
깔리|인도음식|4.54|1024|1117
나누미떡볶이 성대본점|떡볶이|4.35|2512|1058
낫컴플리트|카페,디저트|4.56|285|312
뎁짜이|베트남음식|4.35|1269|1511
도토리편백집|돼지고기구이|4.32|1095|886
독일주택|바(BAR)|4.51|420|707
동화|요리주점|4.71|298|138
또오리|오리요리|4.52|358|427
리본윈도우|브런치|4.58|208|100
마띠에르|카페,디저트|4.48|523|514
메밀향그집|한식|4.49|736|1145
멘야산다이메 명륜4가점|일본식라면|4.31|696|720
명륜손칼국수|칼국수,만두|4.38|278|132
무던|아이스크림|4.6|136|206
미도인 대학로|양식|4.37|1089|536
미분당 대학로점|베트남음식|4.47|1020|370
버거파크|햄버거|4.51|1327|930
브라운 에비뉴|브런치|4.63|436|222
삼 원 샏|카페,디저트|4.39|584|717
삼겹살 전문점 대통령|육류,고기요리|4.37|632|581
서양집|이탈리아음식|4.58|679|1000
서화커피|카페,디저트|4.49|232|473
소친친|퓨전음식|4.49|437|410
솔나무길된장예술|비빔밥|4.49|513|460
야스미|일식당|4.39|365|344
오이지 대학로|한식|4.51|1164|681
울리브루잉|맥주,호프|5.0|59|19
유자유김치떡볶이 대학로점|떡볶이|4.53|507|415
육미안|소고기구이|4.39|486|314
일월일일|카페,디저트|4.5|344|304
정돈 대학로본점|돈가스|4.48|3108|2651
쪼리375|닭요리|4.54|780|1476
창경궁로240|카페,디저트|4.6|10|12
창화당 대학로점|칼국수,만두|4.24|431|333
칠린|바(BAR)|4.54|702|375
카페첫만남|카페,디저트|4.32|460|164
카페혜화동|카페,디저트|4.49|397|339
칸다소바|일식당|4.47|2134|996
통큰갈비 대학로점|육류,고기요리|4.38|262|220
파스타마켓|스파게티,파스타전문|4.37|937|623
페르시안궁전|인도음식|4.77|1307|1011
하이디라오 대학로점|중식당|4.68|1811|378
학림|카페|4.51|1700|1606
혜화곱창|곱창,막창,양|4.47|494|238
혜화도담|한식|4.53|1026|601
혜화칼국수|칼국수,만두|4.25|1411|974
호호식당 대학로|일식당|4.42|2261|2013
1940 금문|중식당|4.68|359|75
겐로쿠우동 대학로점|우동,소바|4.5|670|564
고기공방|육류,고기요리|4.6|222|230
고쿠텐 대학로점|일식당|4.33|356|314
곱창고 대학로점|곱창,막창,양|4.75|155|110
그림제작소 혜화점|카페,디저트|4.8|712|149
나무요일|와인|4.38|26|78
다다미 소바|일식당|4.2|617|119
달빛마루|요리주점|4.3|174|346
랑데자뷰 대학로점|카페,디저트|4.24|280|223
릴랙스 인 다운타운|카페,디저트|4.64|54|134
마녀주방 대학로점|이탈리아음식|4.41|1112|399
마마그릭 성대점|다이어트,샐러드|4.69|111|91
맘스터치 종로대학로점|치킨,닭강정|4.39|534|47
맛의정원|양식|4.47|305|124
메리그린|카페,디저트|4.56|249|215
미가라멘 대학로점|일본식라면|4.36|274|226
바오쯔|딤섬,중식만두|4.32|328|153
부추곱창 대학로점|곱창,막창,양|4.48|208|494
부탄츄 대학로점|일본식라면|4.33|494|322
서울바당|야식|4.32|29|25
서피동파|한식|4.47|206|132
센꼬치|이자카야|4.54|85|44
솔솥 대학로점|한식|4.32|52|15
스노브 대학로점|케이크전문|4.33|1094|786
오늘도 한잔|바(BAR)|4.63|132|54
육식주|육류,고기요리|5.0|160|116
은식당|육류,고기요리|4.37|306|194
이마쇼쿠|일식당|4.43|116|50
이유식당|백반,가정식|4.49|333|87
이자카야진|오뎅,꼬치|4.29|115|94
청화원|딤섬,중식만두|3.99|411|75
카페 빵쌤 대학로점|카페,디저트|4.54|440|82
카페키이로|카페,디저트|4.54|446|607
키햐아 혜화점|일식당|4.47|225|201
포크랜드피케이월드직영점|돼지고기구이|4.39|230|349
피자보이시나 대학로점|피자|4.54|287|437
피터팬스테이크|스테이크,립|4.68|496|320
학림커피|카페|4.53|244|132
현초밥|초밥,롤|4.34|782|515
혜화 골목냉면|냉면|4.29|833|104
혜화돌쇠아저씨|종합분식|4.54|236|266
혜화동 다이닝|양식|4.36|124|151
혜화랑|와인|4.47|115|309
혜화양육관|양꼬치|4.38|450|483
혼가츠 대학로점|돈가스|4.39|756|608
화화담 대학로|베트남음식|5.0|371|188
히메시야|일식당|4.32|434|113
PIT A PAT|북카페|4.49|188|67
경성양꼬치 혜화점|양꼬치|4.38|99|401
기꾸스시|초밥,롤|4.35|463|126
눅|요리주점|4.47|2|1
달팽이카페|브런치|4.73|96|130
대학로쭈왕쭈꾸미|주꾸미요리|4.29|106|84
대한맥주집 대학로점|치킨,닭강정|4.26|212|357
돈돈정 대학로점|일식당|4.16|573|505
라뜰리에 꼼때|프랑스음식|4.97|25|72
리춘시장 대학로CGV점|중식당|4.23|335|50
마로화적|육류,고기요리|4.31|132|148
맥덕스|맥주,호프|4.71|57|323
맥썸 대학로점|맥주,호프|4.4|246|41
머노까머나 대학로점|인도음식|4.54|1150|1300
명륜동식당|육류,고기요리|4.29|152|27
명륜포차|포장마차|4.33|212|73
바이미디저트|카페,디저트|4.65|117|73
별달밤|카페,디저트|4.7|36|1
블루룸|카페,디저트|4.65|187|337
비어오크|맥주,호프|4.47|529|203
솔트24|베이커리|4.47|852|90
심야식당|요리주점|4.51|151|97
아도레 쿠치나|스파게티,파스타전문|4.47|348|93
아뻬 서울|카페,디저트|4.59|128|146
역전할머니맥주 대학로점|맥주,호프|4.41|762|66
오도레D|이탈리아음식|4.83|94|63
유캔하이x육미안|소고기구이|4.29|87|51
육수당 대학로점|국밥|4.28|609|202
육회한연어 대학로점|요리주점|4.35|291|114
은행골 대학로점|초밥,롤|4.3|354|292
이공오도씨|카페|4.54|186|177
재팔이네닭발 대학로점|닭발|4.72|82|132
정통집 대학로점|돼지고기구이|4.32|158|56
청산손만두|만두|4.46|189|131
카페 사흘|카페|4.59|145|148
카페 선선혜화|카페,디저트|4.65|142|111
카페랑솜|카페|4.54|374|252
케익아이메이드 대학로점|케이크전문|4.13|166|284
퀸101|바(BAR)|4.78|73|98
틈새라면대학로점|분식|4.51|148|145
페이브베이커리 대학로점|카페,디저트|4.32|87|22
프루스트|공방|4.97|2778|298
행운삼겹살|육류,고기요리|4.43|76|32
헤이커피|카페,디저트|4.61|323|389
혜화시장|요리주점|4.55|186|133
혜화역4번출구 카페 제이드|카페,디저트|4.54|130|93
환식당|양식|4.37|75|23
훠궈나라 대학로본점|중식당|4.37|379|360
히든스시|초밥,롤|4.18|53|102
가부 혜화점|중식당|4.33|593|52
간짜장전문점세아|중식당|4.34|56|8
걸작떡볶이치킨 서울대학로점|분식|4.34|519|57
군자대한곱창 대학로점|곱창,막창,양|4.59|248|136
꼬치오뎅|종합분식|4.22|145|95
노브랜드버거 대학로점|햄버거|4.47|1293|49
대구막창 대학로점|곱창,막창,양|4.24|46|41
대학로족발보쌈|족발,보쌈|4.5|456|209
도리안그레이|바(BAR)|4.72|68|20
돈천동식당|일식당|4.54|150|183
둘리네분식|종합분식|4.25|20|68
라라맥주|맥주,호프|4.62|26|4
라쿤카페 꾸꾸네|카페,디저트|4.32|10|146
림스치킨 혜화점|치킨,닭강정|4.45|379|93
마님은왜돌쇠에게만술을주시나|요리주점|4.58|122|20
명륜건강원|백반,가정식|4.37|216|199
미정국수0410 대학로점|국수|4.42|554|226
봉심식당|이탈리아음식|4.26|79|96
빌런치팬케이크|브런치|4.5|43|25
석관동떡볶이 대학로점|분식|4.2|842|352
소구미 대학로직영점|육류,고기요리|4.38|81|44
스시마시따|일식당|4.09|404|224
스시사소우|일식당|4.27|318|180
스타벅스 동숭길입구점|카페|4.45|1925|59
스페이스플라토|와인|4.65|80|102
식탁의목적|한식|4.25|135|205
아리가또맘마 대학로점|일식당|4.42|254|62
알바이신|스페인음식|4.39|18|92
어웨이크커피바|카페|4.08|65|127
오늘와인한잔 대학로점|와인|4.23|349|211
옥이모깻잎떡볶이|떡볶이|4.08|567|117
위치스커피 파스텔드나따 대학로점|카페|4.37|246|80
이레미|백반,가정식|4.28|283|30
이자카야 곤조|이자카야|4.2|97|35
쟁반집8292 혜화점|육류,고기요리|4.84|312|49
제순식당 대학로직영점|한식|4.27|297|283
찡쪽바|바(BAR)|4.84|35|15
카페 마피|카페,디저트|4.67|95|42
카페스트롤|카페,디저트|4.39|125|82
코코로식탁|일식당|4.32|95|90
키쉬미뇽 대학로점|카페,디저트|4.39|984|81
파인데이즈|카페,디저트|4.92|69|14
포도원삼계탕대학로점|백숙,삼계탕|4.34|207|355
한돌참치 대학로본점|생선회|4.37|130|180
한촌설렁탕 대학로점|곰탕,설렁탕|4.19|1011|37
할리스 대명거리점|카페|4.37|1335|41
해마 티룸|홍차전문점|4.55|237|231
허그|요리주점|4.6|73|45
혜화수산 혜화본점|생선회|4.62|170|62
33떡볶이 대학로점|33떡볶이|4.31|263|36
60계치킨 서울대학로점|치킨,닭강정|4.37|518|18
BBQ치킨 명륜점|치킨,닭강정|4.25|209|8
골목길25|양식|4.24|72|29
공차 대학로점|차|4.41|1891|108
교촌치킨 대학로점|치킨,닭강정|4.38|1422|58
구스타파스|스페인음식|4.35|45|68
김가네김밥 대학로본점|분식|4.33|1370|116
꼬꼬아찌숯불치킨 혜화대학로점|치킨,닭강정|4.32|174|69
남대문황금족발 대학로점|족발,보쌈|4.43|76|10
다발김치찌개 대학로점|찌개,전골|4.36|98|26
동숭숯불갈비|육류,고기요리|4.44|224|42
레코드피자|피자|4.37|18|3
릴리마를렌|카페,디저트|4.44|53|17
명쭈3|주꾸미요리|4.43|204|228
미향|아귀찜,해물찜|4.43|129|13
방선생웃음밥상|한정식|4.4|66|13
배스킨라빈스 대학로|아이스크림|0.0|888|40
봉추찜닭 대학로점|찜닭|4.26|556|116
비스까미노|카페,디저트|4.6|101|15
빈대떡신사|전,빈대떡|4.28|97|37
뼈닥스감자탕|감자탕|4.17|55|65
샐러디 성대입구점|다이어트,샐러드|4.28|227|22
생활맥주 대학로좁은골목점|맥주,호프|4.38|190|68
서유기마라탕&훠궈 대학로점|중식당|4.59|223|24
스페이스엠|와인|4.81|66|45
양평해장국|해장국|4.31|279|60
엉터리생고기 대학로점|육류,고기요리|4.25|173|47
엘파소|멕시코,남미음식|4.63|88|8
옛날농장 대학로점|육류,고기요리|4.34|325|176
오름|육류,고기요리|4.43|85|6
오후홍콩 대학로점|카페|4.46|216|211
일송칼국수|칼국수,만두|4.4|176|30
조개집|조개요리|4.37|30|1
지금보고싶다 혜화대학로점|요리주점|4.23|132|42
진아춘|중식당|4.28|178|88
챠코|바(BAR)|4.5|25|24
천지주점|전통,민속주점|4.22|40|20
천향록|중식당|4.35|179|215
초교수카페|카페,디저트|4.37|187|29
크래프트 혜화|양식|4.44|37|30
킹스커피 24시 카페|카페|4.12|90|3
투썸플레이스 혜화로타리점|카페|4.29|400|44
티랩제이|차|4.26|49|11
펍매드|맥주,호프|4.34|49|69
포보 성균관대점|국수|4.61|866|89
프롬하츠커피 대학로점|카페,디저트|4.36|1044|32
프루츠대학로점|맥주,호프|4.44|111|46
혜화달손만두|칼국수,만두|4.36|525|15
후룩뽕|중식당|4.08|123|40
100년설렁탕 대학로점|곰탕,설렁탕|4.17|49|2
개미식당|한식|4.4|239|71
깐베이 혜화본점|중식당|4.29|39|14
꼬시|일식당|4.3|62|191
노랑통닭 대학로점|치킨,닭강정|4.22|280|60
담미온 대학로점|한식|4.15|162|16
대학로실내포차|술집|4.11|106|26
동네별장|맥주,호프|4.28|72|30
동네식당|우동,소바|4.47|140|21
동대문엽기떡볶이 대학로점|분식|4.3|479|60
따띠삼겹 성균관대점|돼지고기구이|4.52|196|11
딱지치기|떡볶이|4.46|109|54
뚜레쥬르 카페대학로점|베이커리|4.35|3062|177
로젤|카페,디저트|4.29|154|18
롯데리아혜화점|햄버거|4.3|1532|49
맥도날드 성균관대점|햄버거|4.42|2684|40
메가커피 대학로중앙점|카페|4.22|782|7
명분|베이커리|4.25|47|15
무교동 유정낙지 대학로점|낙지요리|4.17|258|33
버거킹 혜화역점|햄버거|4.36|4277|54
병천아우내순대국|순대,순댓국|4.29|169|11
보리보리옥선이시골밥상|한식|4.45|181|28
봉구비어 대학로1호점|맥주,호프|4.49|153|5
빙플|카페,디저트|4.46|113|110
살롱드곱떡|떡볶이|4.17|178|65
샐러드박스 혜화점|다이어트,샐러드|4.67|36|27
손칼국수|칼국수,만두|4.15|36|46
시샤디오엠|바(BAR)|4.96|21|1
신장군마라탕|중식당|4.34|100|94
싸움의고수 성균관대점|족발,보쌈|4.36|414|15
써브웨이 성대점|샌드위치|4.24|732|27
어촌생선구이|생선구이|4.25|257|28
엘빈|카페|4.57|153|65
연어로만 혜화점|초밥,롤|4.15|137|16
윈차.성대아지트|바(BAR)|4.29|39|14
육쌈냉면 대학로점|냉면|4.13|284|44
이삭토스트 서울성균관대점|토스트|4.57|269|6
일리카페 대학로점|카페|4.47|264|23
춘 참치포차|생선회|4.52|37|7
카페김쌤|카페,디저트|4.32|515|19
카페달달|카페,디저트|4.41|166|34
카페더메모리|카페|4.17|28|16
카페코지 성대점|카페,디저트|4.63|54|51
커피빈 혜화역점|카페|4.48|599|19
탐앤탐스 성대입구점|카페|4.18|512|25
피자헤븐 종로성대점|피자|4.38|296|27
한국관|육류,고기요리|4.53|106|11
함.무바라 닭도리탕|닭볶음탕|4.46|113|110
혜화동콩집|카페|4.52|117|29
혜화몰트|양식|4.57|115|84
7번방|포장마차|4.47|59|128
943 킹스크로스CAFE|카페,디저트|4.25|1023|904
가미우동|우동,소바|4.58|1061|947
감성타코 홍대점|멕시코,남미음식|4.34|1339|1952
개화기요정|요리주점|4.44|406|722
경주식당|한식|4.45|509|1396
공상온도|카페,디저트|4.41|277|682
광야|이탈리아음식|4.57|832|905
금별맥주 홍대직영점|맥주,호프|4.51|342|291
느린마을양조장 홍대점|요리주점|4.62|493|234
도토리앤다람쥐|카페|4.65|197|205
또보겠지떡볶이집 붕붕허니비점|분식|4.58|1824|1423
로쏘 1924 나폴리 화덕피자 홍대점|피자|4.68|4110|1405
모센즈스위트|카페,디저트|4.65|535|464
버터베이커리|베이커리|4.57|1271|444
부탄츄 홍대본점|일본식라면|4.24|998|1077
불떡클럽 연남본점|떡볶이|4.54|1285|187
브런치가|브런치|4.2|1125|1306
비스트로사랑방|스파게티,파스타전문|4.54|459|649
빠넬로|이탈리아음식|4.34|283|698
산울림1992|요리주점|4.47|398|680
상수주택|요리주점|4.34|60|15
샌드커피 논탄토 연남|카페|4.5|917|723
소코아 홍대점|카레|4.6|623|414
스케줄합정|양식|4.47|1102|955
스케줄합정|양식|4.41|1102|954
스테이크 슈퍼|스테이크,립|4.92|546|296
슬로우캘리 연남본점|다이어트,샐러드|4.59|1639|1041
신미경홍대닭갈비|닭갈비|4.47|1865|1257
아오이토리|베이커리|4.44|2177|1293
야키토리 나루토|일식튀김,꼬치|4.87|510|506
어메이징농카이|태국음식|4.48|611|523
연남물갈비|육류,고기요리|4.48|642|501
오모테나시 오마카세|일식당|4.47|109|454
옥동식|국밥|4.44|1402|1385
올바른김밥|김밥|4.79|1688|134
우동 카덴|우동,소바|4.23|1664|1987
우와|일식당|4.45|1153|1742
유메 홍대본점|이자카야|4.47|287|932
육지|육류,고기요리|4.79|636|320
중화복춘 공원|중식당|4.42|458|792
카와카츠|돈가스|4.47|582|674
카쿠시타|일식당|4.54|516|513
카페 공명|카페,디저트|4.49|1306|717
칸다소바|일본식라면|4.46|1875|1022
콜린|카페,디저트|4.49|2005|1218
풀뜯는돼지|육류,고기요리|4.81|519|226
프리모바치오바치 홍대본점|이탈리아음식|4.39|1617|1574
피오니|케이크전문|4.42|2414|2450
피자네버슬립스|피자|4.58|1172|1237
하이디라오 홍대점|중식당|4.61|4084|856
하카타분코|일본식라면|4.28|632|1562
해피베어데이|카페,디저트|4.77|518|473
홍대IN파스타|스파게티,파스타전문|4.42|1081|1231
OBPC 연남본점|피자|4.46|432|424
가로수포차|요리주점|4.61|126|70
고기꾼김춘배 홍대본점|돼지고기구이|4.52|1312|996
고쿠텐 홍대점|일식당|4.46|940|471
나성타코|멕시코,남미음식|4.72|631|490
냉장고 합정점|돼지고기구이|4.75|208|267
뉴욕아파트먼트 홍대점|햄버거|4.61|974|1554
니꾸킹버거|햄버거|4.82|191|168
더페이머스버거 홍대점|햄버거|4.42|489|1040
더핏짜 본점|피자|4.45|808|121
도프피자베이커스 홍대점|피자|4.6|59|61
라헬의부엌 홍대점|카페,디저트|4.51|983|505
랑데자뷰 홍대점|카페,디저트|4.34|522|1362
르쁘띠푸 홍대본점|카페|4.39|699|1229
마시타야|일본식라면|4.55|146|412
멘야준|일본식라면|4.56|719|404
미도인 홍대|양식|4.5|1035|595
미쁘동|일식당|4.41|1828|1604
발리 슈퍼스토어|맥주,호프|4.37|333|893
배터리88 홍대점|요리주점|4.41|367|388
버터밀크|카페,디저트|4.45|557|651
비스트로큐슈|카레|4.48|425|327
산리오 러버스 클럽|카페|4.47|3541|861
솔솥 연남점|한식|4.52|1543|1185
스시오 블랙컨테이너|일식,초밥뷔페|4.75|720|1089
스아게|일식당|4.61|494|404
시나모롤 스위트카페|카페,디저트|4.48|92|80
썬키친|요리주점|4.89|323|194
아날로그가든|카페|4.44|452|293
얀 쿠브레|카페,디저트|4.32|1596|651
온돌 합정점|찌개,전골|4.63|1118|940
온미동 연남|일식당|4.54|759|463
우동가조쿠|우동,소바|4.57|617|227
작당모의|카페,디저트|4.38|974|844
정돈 홍대점|돈가스|4.52|845|527
진진|중식당|4.52|839|851
천이오겹살|육류,고기요리|4.29|411|921
초이 다이닝|일식당|5.0|257|267
카레시|카레|4.7|711|557
카멜로연남|양식|4.73|1274|1120
카페노티드 연남|카페|4.45|2341|568
코노미|일식당|4.37|348|638
코테츠|일식당|4.44|275|240
키쉬미뇽|카페,디저트|4.43|1977|1031
테이스티버거|햄버거|4.38|797|851
푸하하크림빵|베이커리|4.37|1971|1294
하카타나카|일식당|4.44|626|706
함반|한식|4.7|337|307
합정공감|이자카야|4.89|509|114
호맥 합정점|맥주,호프|4.45|735|314
1984|카페,디저트|4.63|767|1605
가든 포에트|양식|4.85|560|164
교동집|주꾸미요리|4.14|596|499
긴자료코 본점|돈가스|4.52|953|473
뉴오더클럽 연남|피자|4.59|850|1055
닝교초식당 홍대점|일식당|4.52|493|221
달콤한거짓말|케이크전문|4.36|677|953
더피자보이즈 홍대입구역점|피자|4.57|653|604
들풀한상|한식|4.36|413|633
또보겠지떡볶이집 호호시스터점|분식|4.56|1235|1074
락희돈|일식튀김,꼬치|4.41|330|306
마포곱창타운|곱창,막창,양|4.48|841|969
막걸리싸롱|전통,민속주점|4.14|110|501
모파상|카페,디저트|4.36|774|888
몽주방|요리주점|4.43|91|77
사쿠라테이엔 합정점|이자카야|4.85|141|112
스미비부타동|덮밥|4.44|861|774
슬로우타코|멕시코,남미음식|4.79|369|338
식스티즈|햄버거|4.59|282|167
심야식당 하스|이자카야|4.46|206|337
에일크루|맥주,호프|4.52|417|284
연교|딤섬,중식만두|4.49|916|891
연남주막1987|전통,민속주점|4.52|340|269
오리지널시카고피자 홍대본점|피자|4.29|384|1220
오버트 합정|카페,디저트|4.44|86|81
오비야|일식당|4.19|209|459
오이지 연남|한식|4.48|145|142
우마담|육류,고기요리|4.55|336|464
이름없는파스타 연남점|스파게티,파스타전문|4.45|40|28
제스티살룬 연남|햄버거|4.58|1595|877
진저피그|돼지고기구이|4.6|1272|674
철길왕갈비살|육류,고기요리|4.36|689|470
청년닭발1987|닭발|4.42|474|701
츠케루|일본식라면|4.62|1693|195
카와카츠 합정점|돈가스|4.81|271|221
카타코토카페|카레|4.52|298|287
카페 예능|카페,디저트|4.49|21|16
커피리브레 연남점|카페|4.43|664|744
키움초밥|초밥,롤|4.59|1073|1197
키친485|이탈리아음식|4.34|695|1040
트래블메이커|브런치|4.0|306|298
평안도 상원냉면|냉면|4.48|315|163
핏제리아오 합정역점|피자|4.58|34|24
하연옥 마포점|냉면|4.33|957|267
합정조이떡볶이|떡볶이|4.38|413|82
헤이죠지|양식|4.44|330|454
혼가츠|돈가스|4.35|1034|1844
홍대씨부엉|떡볶이|4.51|537|916
홍스쭈꾸미 홍대본점|주꾸미요리|4.44|1058|1835
황곱|곱창,막창,양|4.5|455|319
1989버거스탠드 연남|햄버거|4.82|290|568
JASE|바(BAR)|4.37|178|479
고망고 연남점|카페,디저트|4.48|2803|321
구공탄곱창 본점|곱창,막창,양|4.5|628|539
구스토타코|멕시코,남미음식|4.34|361|354
금성회관 합정본점|한식|4.72|717|346
김씨육면|국수|4.65|389|270
깃털|바(BAR)|4.5|20|188
꽈페 홍대점|베이커리|4.48|419|229
남산호랭이|스파게티,파스타전문|4.76|789|445
돈주는남자 본점|돼지고기구이|4.62|324|516
동두천솥뚜껑삼겹살 합정점|돼지고기구이|4.46|459|368
동무밥상|이북음식|4.33|562|567
디어리스트 연남|양식|4.46|659|254
디퍼 루프탑|맥주,호프|4.5|386|282
따로집|전통,민속주점|4.79|70|85
루프탑 G 길리건스|바(BAR)|4.12|144|311
루프탑어반비치|바(BAR)|4.43|132|226
리밀커피&밀리|카페,디저트|4.76|218|231
멘야산다이메 본점|일본식라면|4.32|461|764
멘야하나비 합정점|일본식라면|4.48|229|353
모크|카페,디저트|4.6|378|246
무니|이자카야|4.49|67|78
버거스올마이티 홍대점|햄버거|4.48|202|126
베어스덴베이커리|베이커리|4.46|423|519
부산집|오뎅,꼬치|4.42|274|276
샐러디 합정역점|다이어트,샐러드|4.43|1259|86
서교주담|요리주점|4.75|185|207
세상끝의라멘|일본식라면|4.55|579|664
수염|맥주,호프|4.58|145|148
스탠스커피|카페,디저트|4.48|196|690
야키토리 나루토 오모테나시|일식튀김,꼬치|5.0|101|114
어른이대공원|맥주,호프|4.26|296|260
에도마에텐동하마다 홍대점|일식당|4.41|547|351
연남쌀국수 똣|베트남음식|4.69|787|629
연남족발1987|족발,보쌈|4.36|230|442
오마카세 오사이초밥 홍대점|일식당|4.33|964|159
웃사브|인도음식|4.33|560|1274
윤씨밀방|스테이크,립|4.43|842|2226
이츠모라멘|일본식라면|4.48|401|452
이치류 홍대본점|양갈비|4.55|410|778
일편등심|소고기구이|4.66|959|658
정무관|일식당|4.55|260|640
치킨앤카레군|치킨,닭강정|4.58|947|547
캘리포니아 도넛 클럽 & 비라티오 홍대점|카페,디저트|4.52|1707|730
커피 벌스데이|카페,디저트|4.62|176|139
테이커테이블|이탈리아음식|4.97|322|161
포36거리 홍대점|베트남음식|4.54|332|696
히메시야|일식당|4.43|656|744
13-Jul|스테이크,립|4.47|186|56
EGO|카페,디저트|4.59|410|187
umoae|카페,디저트|4.74|237|210
계담다|요리주점|4.42|314|295
고시고시|퓨전음식|4.52|381|465
광명대창집 홍대점|곱창,막창,양|4.73|338|61
그동네떡볶이|종합분식|4.52|872|551
너구리베이글 합정점|베이커리|4.47|127|63
더다이닝랩|양식|4.5|2395|901
더피자보이즈 합정본점|피자|4.54|344|564
도 도넛|도넛|4.73|59|40
돼지명가|육류,고기요리|4.56|337|205
리차드하우스 연남|양식|4.42|21|12
마가렛리버|베이커리|4.43|608|613
마녀주방 홍대점|이탈리아음식|4.47|1357|1468
마레스타|양식|4.51|417|364
맛깔1987|생선회|4.46|222|196
멘타카무쇼|일본식라면|4.61|285|124
모멘트커피 2호점|카페|4.43|349|946
목로관|육류,고기요리|4.3|506|178
미티|요리주점|4.93|276|94
바스버거 연남점|햄버거|4.56|703|415
보르도|양식|4.65|92|51
블랑누아|와인|4.61|626|358
산더미불고기|육류,고기요리|4.65|872|687
소고산제일루|중식당|4.33|392|468
심야식당밤|이자카야|4.79|128|117
심플리타이 합정점|태국음식|4.43|538|397
연남어부|생선회|4.49|201|227
오맥|맥주,호프|4.47|25|15
육몽 홍대본점|돼지고기구이|4.72|1172|1081
이가산시도삭면|중식당|4.93|45|25
이리에라멘|일본식라면|4.67|197|116
이양권반상|한식|5.0|199|113
저스트단비 홍대점|크레페|4.47|20|14
젤라띠젤라띠|아이스크림|4.56|1011|1115
조용한저녁|양식|4.83|2502|345
지로우 라멘|일식당|4.47|671|725
참치가|일식당|4.27|132|264
카츠오모이 홍대점|돈가스|4.58|371|187
쿠시노주방|이자카야|4.41|372|555
타프|와인|4.65|112|170
튜토리얼|카페|4.67|147|441
팔로피자|피자|4.47|549|962
포포브레드|베이커리|4.75|147|183
합정광안리|생선회|4.47|354|652
홍대원조통골뱅이|한식|4.56|42|61
홍콩포차|요리주점|4.51|10|18
후라토식당 상수직영점|일식당|4.71|1111|328
히츠지야|일식당|4.82|834|334
219레스토랑|스파게티,파스타전문|4.59|689|303
798화로|소고기구이|4.72|175|609
Bread rum|베이커리|4.72|401|166
가메스시|초밥,롤|4.69|106|77
공미학 마포홍대점|카페,디저트|4.6|708|385
공중도시|카페|4.68|131|161
다레젤라또 연남점|아이스크림|4.55|78|30
다운타우너 연남|양식|4.55|671|224
동교해물|해물,생선요리|4.52|93|99
동차밥|일식당|4.6|513|738
또보겠지떡볶이집호호피크닉점|떡볶이|4.57|752|454
랑빠스81|프랑스음식|4.49|237|283
로운 샤브샤브 홍대점|샤브샤브|4.21|2281|849
모리츠플라츠|카페|4.42|272|572
물고기초밥|초밥,롤|4.55|297|688
미로식당|한식|4.45|49|236
미장플라쎄|이탈리아음식|4.88|379|724
박용석스시|초밥,롤|4.16|408|535
배떼기곱창 홍대점|곱창,막창,양|4.4|356|765
보승회관 홍대직영점|국밥|4.34|797|357
비스트로주라|스파게티,파스타전문|4.61|585|656
사카바 토리야|이자카야|4.49|107|55
상수동 카스티야|베이커리|4.38|370|401
샐러드 브라더스|다이어트,샐러드|4.52|324|232
서플라이디팟 루프탑|맥주,호프|4.85|311|229
손오공마라탕 동교동점|중식당|4.47|1676|424
신주양꼬치 홍대점|양꼬치|4.58|195|853
심양 홍대점|양꼬치|4.51|160|421
아웃나우 홍대|퓨전음식|4.58|431|99
안녕파스타씨|스파게티,파스타전문|4.24|252|1001
알디프 티 바|홍차전문점|4.82|2863|375
어리라운지|바(BAR)|4.78|96|172
연남다방|카페,디저트|4.44|501|251
연어롭다|일식당|4.57|923|1646
윤서울|한식|4.8|25|71
이미커피|카페,디저트|4.76|162|244
제임스시카고피자 홍대본점|피자|4.49|1425|761
조선시대|요리주점|4.4|438|407
지하102호|이자카야|4.73|144|369
차차티클럽 연남|카페,디저트|4.47|27|196
터틀힙|카페,디저트|4.42|150|798
토라비|카페|4.58|216|419
플랜트 연남점|샌드위치|4.43|243|169
한림돈가 서교직영점|돼지고기구이|4.52|271|561
혼신꼬치|일식튀김,꼬치|4.37|287|246
홍대 조폭 떡볶이|떡볶이|4.34|1401|952
홍대공감|이자카야|4.88|252|202
홍마떡 홍대본점|떡볶이|4.41|1132|1411
후통|중식당|4.39|205|271
훌리오 홍대점|멕시코,남미음식|4.42|896|1161
